split,source,pid,z,has_lesion,lesion_voxels
test,mslesseg,p65,0,0,0
test,mslesseg,p65,1,0,0
test,mslesseg,p65,2,0,0
test,mslesseg,p65,3,0,0
test,mslesseg,p65,4,0,0
test,mslesseg,p65,5,0,0
test,mslesseg,p65,6,0,0
test,mslesseg,p65,7,0,0
test,mslesseg,p65,8,0,0
test,mslesseg,p65,9,0,0
test,mslesseg,p65,10,0,0
test,mslesseg,p65,11,0,0
test,mslesseg,p65,12,0,0
test,mslesseg,p65,13,0,0
test,mslesseg,p65,14,0,0
test,mslesseg,p65,15,0,0
test,mslesseg,p65,16,0,0
test,mslesseg,p65,17,0,0
test,mslesseg,p65,18,0,0
test,mslesseg,p65,19,0,0
test,mslesseg,p65,20,0,0
test,mslesseg,p65,21,0,0
test,mslesseg,p65,22,1,2
test,mslesseg,p65,23,1,7
test,mslesseg,p65,24,1,16
test,mslesseg,p65,25,1,28
test,mslesseg,p65,26,1,14
test,mslesseg,p65,27,0,0
test,mslesseg,p65,28,0,0
test,mslesseg,p65,29,0,0
test,mslesseg,p65,30,0,0
test,mslesseg,p65,31,1,14
test,mslesseg,p65,32,1,18
test,mslesseg,p65,33,1,59
test,mslesseg,p65,34,1,65
test,mslesseg,p65,35,1,54
test,mslesseg,p65,36,1,82
test,mslesseg,p65,37,1,122
test,mslesseg,p65,38,1,154
test,mslesseg,p65,39,1,128
test,mslesseg,p65,40,1,34
test,mslesseg,p65,41,1,29
test,mslesseg,p65,42,1,35
test,mslesseg,p65,43,1,36
test,mslesseg,p65,44,1,40
test,mslesseg,p65,45,1,77
test,mslesseg,p65,46,1,89
test,mslesseg,p65,47,1,99
test,mslesseg,p65,48,1,62
test,mslesseg,p65,49,1,83
test,mslesseg,p65,50,1,84
test,mslesseg,p65,51,1,89
test,mslesseg,p65,52,1,99
test,mslesseg,p65,53,1,74
test,mslesseg,p65,54,1,113
test,mslesseg,p65,55,1,123
test,mslesseg,p65,56,1,101
test,mslesseg,p65,57,1,87
test,mslesseg,p65,58,1,97
test,mslesseg,p65,59,1,150
test,mslesseg,p65,60,1,172
test,mslesseg,p65,61,1,173
test,mslesseg,p65,62,1,227
test,mslesseg,p65,63,1,206
test,mslesseg,p65,64,1,166
test,mslesseg,p65,65,1,290
test,mslesseg,p65,66,1,333
test,mslesseg,p65,67,1,361
test,mslesseg,p65,68,1,447
test,mslesseg,p65,69,1,384
test,mslesseg,p65,70,1,403
test,mslesseg,p65,71,1,425
test,mslesseg,p65,72,1,513
test,mslesseg,p65,73,1,448
test,mslesseg,p65,74,1,378
test,mslesseg,p65,75,1,310
test,mslesseg,p65,76,1,220
test,mslesseg,p65,77,1,236
test,mslesseg,p65,78,1,384
test,mslesseg,p65,79,1,418
test,mslesseg,p65,80,1,326
test,mslesseg,p65,81,1,323
test,mslesseg,p65,82,1,287
test,mslesseg,p65,83,1,276
test,mslesseg,p65,84,1,261
test,mslesseg,p65,85,1,252
test,mslesseg,p65,86,1,233
test,mslesseg,p65,87,1,292
test,mslesseg,p65,88,1,270
test,mslesseg,p65,89,1,302
test,mslesseg,p65,90,1,366
test,mslesseg,p65,91,1,367
test,mslesseg,p65,92,1,381
test,mslesseg,p65,93,1,277
test,mslesseg,p65,94,1,285
test,mslesseg,p65,95,1,279
test,mslesseg,p65,96,1,312
test,mslesseg,p65,97,1,425
test,mslesseg,p65,98,1,593
test,mslesseg,p65,99,1,772
test,mslesseg,p65,100,1,636
test,mslesseg,p65,101,1,685
test,mslesseg,p65,102,1,623
test,mslesseg,p65,103,1,483
test,mslesseg,p65,104,1,414
test,mslesseg,p65,105,1,388
test,mslesseg,p65,106,1,329
test,mslesseg,p65,107,1,370
test,mslesseg,p65,108,1,411
test,mslesseg,p65,109,1,531
test,mslesseg,p65,110,1,469
test,mslesseg,p65,111,1,534
test,mslesseg,p65,112,1,468
test,mslesseg,p65,113,1,360
test,mslesseg,p65,114,1,256
test,mslesseg,p65,115,1,200
test,mslesseg,p65,116,1,153
test,mslesseg,p65,117,1,125
test,mslesseg,p65,118,1,127
test,mslesseg,p65,119,1,146
test,mslesseg,p65,120,1,133
test,mslesseg,p65,121,1,140
test,mslesseg,p65,122,1,194
test,mslesseg,p65,123,1,171
test,mslesseg,p65,124,1,164
test,mslesseg,p65,125,1,118
test,mslesseg,p65,126,1,124
test,mslesseg,p65,127,1,112
test,mslesseg,p65,128,1,121
test,mslesseg,p65,129,1,101
test,mslesseg,p65,130,1,107
test,mslesseg,p65,131,1,103
test,mslesseg,p65,132,1,108
test,mslesseg,p65,133,1,82
test,mslesseg,p65,134,1,45
test,mslesseg,p65,135,1,24
test,mslesseg,p65,136,1,12
test,mslesseg,p65,137,1,12
test,mslesseg,p65,138,1,14
test,mslesseg,p65,139,1,8
test,mslesseg,p65,140,0,0
test,mslesseg,p65,141,0,0
test,mslesseg,p65,142,0,0
test,mslesseg,p65,143,0,0
test,mslesseg,p65,144,0,0
test,mslesseg,p65,145,0,0
test,mslesseg,p65,146,0,0
test,mslesseg,p65,147,0,0
test,mslesseg,p65,148,0,0
test,mslesseg,p65,149,0,0
test,mslesseg,p65,150,0,0
test,mslesseg,p65,151,0,0
test,mslesseg,p65,152,0,0
test,mslesseg,p65,153,0,0
test,mslesseg,p65,154,0,0
test,mslesseg,p65,155,0,0
test,mslesseg,p65,156,0,0
test,mslesseg,p65,157,0,0
test,mslesseg,p65,158,0,0
test,mslesseg,p65,159,0,0
test,mslesseg,p65,160,0,0
test,mslesseg,p65,161,0,0
test,mslesseg,p65,162,0,0
test,mslesseg,p65,163,0,0
test,mslesseg,p65,164,0,0
test,mslesseg,p65,165,0,0
test,mslesseg,p65,166,0,0
test,mslesseg,p65,167,0,0
test,mslesseg,p65,168,0,0
test,mslesseg,p65,169,0,0
test,mslesseg,p65,170,0,0
test,mslesseg,p65,171,0,0
test,mslesseg,p65,172,0,0
test,mslesseg,p65,173,0,0
test,mslesseg,p65,174,0,0
test,mslesseg,p65,175,0,0
test,mslesseg,p65,176,0,0
test,mslesseg,p65,177,0,0
test,mslesseg,p65,178,0,0
test,mslesseg,p65,179,0,0
test,mslesseg,p65,180,0,0
test,mslesseg,p65,181,0,0
test,mslesseg,p66,0,0,0
test,mslesseg,p66,1,0,0
test,mslesseg,p66,2,0,0
test,mslesseg,p66,3,0,0
test,mslesseg,p66,4,0,0
test,mslesseg,p66,5,0,0
test,mslesseg,p66,6,0,0
test,mslesseg,p66,7,0,0
test,mslesseg,p66,8,0,0
test,mslesseg,p66,9,0,0
test,mslesseg,p66,10,0,0
test,mslesseg,p66,11,0,0
test,mslesseg,p66,12,0,0
test,mslesseg,p66,13,0,0
test,mslesseg,p66,14,0,0
test,mslesseg,p66,15,0,0
test,mslesseg,p66,16,0,0
test,mslesseg,p66,17,0,0
test,mslesseg,p66,18,0,0
test,mslesseg,p66,19,0,0
test,mslesseg,p66,20,0,0
test,mslesseg,p66,21,0,0
test,mslesseg,p66,22,0,0
test,mslesseg,p66,23,0,0
test,mslesseg,p66,24,0,0
test,mslesseg,p66,25,0,0
test,mslesseg,p66,26,0,0
test,mslesseg,p66,27,0,0
test,mslesseg,p66,28,0,0
test,mslesseg,p66,29,0,0
test,mslesseg,p66,30,1,39
test,mslesseg,p66,31,1,62
test,mslesseg,p66,32,1,41
test,mslesseg,p66,33,1,71
test,mslesseg,p66,34,1,48
test,mslesseg,p66,35,1,117
test,mslesseg,p66,36,1,131
test,mslesseg,p66,37,1,126
test,mslesseg,p66,38,1,198
test,mslesseg,p66,39,1,226
test,mslesseg,p66,40,1,236
test,mslesseg,p66,41,1,230
test,mslesseg,p66,42,1,201
test,mslesseg,p66,43,1,170
test,mslesseg,p66,44,1,188
test,mslesseg,p66,45,1,173
test,mslesseg,p66,46,1,194
test,mslesseg,p66,47,1,187
test,mslesseg,p66,48,1,343
test,mslesseg,p66,49,1,328
test,mslesseg,p66,50,1,272
test,mslesseg,p66,51,1,232
test,mslesseg,p66,52,1,281
test,mslesseg,p66,53,1,258
test,mslesseg,p66,54,1,305
test,mslesseg,p66,55,1,306
test,mslesseg,p66,56,1,258
test,mslesseg,p66,57,1,237
test,mslesseg,p66,58,1,245
test,mslesseg,p66,59,1,251
test,mslesseg,p66,60,1,223
test,mslesseg,p66,61,1,196
test,mslesseg,p66,62,1,250
test,mslesseg,p66,63,1,235
test,mslesseg,p66,64,1,194
test,mslesseg,p66,65,1,254
test,mslesseg,p66,66,1,242
test,mslesseg,p66,67,1,243
test,mslesseg,p66,68,1,181
test,mslesseg,p66,69,1,155
test,mslesseg,p66,70,1,96
test,mslesseg,p66,71,1,194
test,mslesseg,p66,72,1,206
test,mslesseg,p66,73,1,236
test,mslesseg,p66,74,1,167
test,mslesseg,p66,75,1,175
test,mslesseg,p66,76,1,217
test,mslesseg,p66,77,1,233
test,mslesseg,p66,78,1,240
test,mslesseg,p66,79,1,297
test,mslesseg,p66,80,1,351
test,mslesseg,p66,81,1,439
test,mslesseg,p66,82,1,497
test,mslesseg,p66,83,1,419
test,mslesseg,p66,84,1,435
test,mslesseg,p66,85,1,394
test,mslesseg,p66,86,1,369
test,mslesseg,p66,87,1,302
test,mslesseg,p66,88,1,250
test,mslesseg,p66,89,1,203
test,mslesseg,p66,90,1,184
test,mslesseg,p66,91,1,130
test,mslesseg,p66,92,1,126
test,mslesseg,p66,93,1,125
test,mslesseg,p66,94,1,113
test,mslesseg,p66,95,1,136
test,mslesseg,p66,96,1,136
test,mslesseg,p66,97,1,116
test,mslesseg,p66,98,1,201
test,mslesseg,p66,99,1,239
test,mslesseg,p66,100,1,213
test,mslesseg,p66,101,1,193
test,mslesseg,p66,102,1,242
test,mslesseg,p66,103,1,156
test,mslesseg,p66,104,1,127
test,mslesseg,p66,105,1,65
test,mslesseg,p66,106,1,77
test,mslesseg,p66,107,1,64
test,mslesseg,p66,108,1,84
test,mslesseg,p66,109,1,78
test,mslesseg,p66,110,1,77
test,mslesseg,p66,111,1,28
test,mslesseg,p66,112,1,29
test,mslesseg,p66,113,1,22
test,mslesseg,p66,114,1,32
test,mslesseg,p66,115,1,16
test,mslesseg,p66,116,1,16
test,mslesseg,p66,117,1,25
test,mslesseg,p66,118,1,12
test,mslesseg,p66,119,1,10
test,mslesseg,p66,120,1,7
test,mslesseg,p66,121,1,12
test,mslesseg,p66,122,0,0
test,mslesseg,p66,123,0,0
test,mslesseg,p66,124,0,0
test,mslesseg,p66,125,0,0
test,mslesseg,p66,126,0,0
test,mslesseg,p66,127,0,0
test,mslesseg,p66,128,0,0
test,mslesseg,p66,129,0,0
test,mslesseg,p66,130,0,0
test,mslesseg,p66,131,0,0
test,mslesseg,p66,132,0,0
test,mslesseg,p66,133,0,0
test,mslesseg,p66,134,0,0
test,mslesseg,p66,135,0,0
test,mslesseg,p66,136,0,0
test,mslesseg,p66,137,0,0
test,mslesseg,p66,138,0,0
test,mslesseg,p66,139,0,0
test,mslesseg,p66,140,0,0
test,mslesseg,p66,141,0,0
test,mslesseg,p66,142,0,0
test,mslesseg,p66,143,0,0
test,mslesseg,p66,144,0,0
test,mslesseg,p66,145,0,0
test,mslesseg,p66,146,0,0
test,mslesseg,p66,147,0,0
test,mslesseg,p66,148,0,0
test,mslesseg,p66,149,0,0
test,mslesseg,p66,150,0,0
test,mslesseg,p66,151,0,0
test,mslesseg,p66,152,0,0
test,mslesseg,p66,153,0,0
test,mslesseg,p66,154,0,0
test,mslesseg,p66,155,0,0
test,mslesseg,p66,156,0,0
test,mslesseg,p66,157,0,0
test,mslesseg,p66,158,0,0
test,mslesseg,p66,159,0,0
test,mslesseg,p66,160,0,0
test,mslesseg,p66,161,0,0
test,mslesseg,p66,162,0,0
test,mslesseg,p66,163,0,0
test,mslesseg,p66,164,0,0
test,mslesseg,p66,165,0,0
test,mslesseg,p66,166,0,0
test,mslesseg,p66,167,0,0
test,mslesseg,p66,168,0,0
test,mslesseg,p66,169,0,0
test,mslesseg,p66,170,0,0
test,mslesseg,p66,171,0,0
test,mslesseg,p66,172,0,0
test,mslesseg,p66,173,0,0
test,mslesseg,p66,174,0,0
test,mslesseg,p66,175,0,0
test,mslesseg,p66,176,0,0
test,mslesseg,p66,177,0,0
test,mslesseg,p66,178,0,0
test,mslesseg,p66,179,0,0
test,mslesseg,p66,180,0,0
test,mslesseg,p66,181,0,0
test,mslesseg,p67,0,0,0
test,mslesseg,p67,1,0,0
test,mslesseg,p67,2,0,0
test,mslesseg,p67,3,0,0
test,mslesseg,p67,4,0,0
test,mslesseg,p67,5,0,0
test,mslesseg,p67,6,0,0
test,mslesseg,p67,7,0,0
test,mslesseg,p67,8,0,0
test,mslesseg,p67,9,0,0
test,mslesseg,p67,10,0,0
test,mslesseg,p67,11,0,0
test,mslesseg,p67,12,0,0
test,mslesseg,p67,13,0,0
test,mslesseg,p67,14,0,0
test,mslesseg,p67,15,0,0
test,mslesseg,p67,16,0,0
test,mslesseg,p67,17,0,0
test,mslesseg,p67,18,0,0
test,mslesseg,p67,19,0,0
test,mslesseg,p67,20,0,0
test,mslesseg,p67,21,0,0
test,mslesseg,p67,22,0,0
test,mslesseg,p67,23,0,0
test,mslesseg,p67,24,0,0
test,mslesseg,p67,25,1,3
test,mslesseg,p67,26,1,4
test,mslesseg,p67,27,0,0
test,mslesseg,p67,28,0,0
test,mslesseg,p67,29,0,0
test,mslesseg,p67,30,1,1
test,mslesseg,p67,31,1,10
test,mslesseg,p67,32,1,27
test,mslesseg,p67,33,1,27
test,mslesseg,p67,34,1,22
test,mslesseg,p67,35,1,16
test,mslesseg,p67,36,1,14
test,mslesseg,p67,37,1,12
test,mslesseg,p67,38,1,11
test,mslesseg,p67,39,1,30
test,mslesseg,p67,40,1,17
test,mslesseg,p67,41,1,32
test,mslesseg,p67,42,1,20
test,mslesseg,p67,43,1,30
test,mslesseg,p67,44,1,27
test,mslesseg,p67,45,1,37
test,mslesseg,p67,46,1,78
test,mslesseg,p67,47,1,66
test,mslesseg,p67,48,1,24
test,mslesseg,p67,49,1,49
test,mslesseg,p67,50,1,54
test,mslesseg,p67,51,1,70
test,mslesseg,p67,52,1,70
test,mslesseg,p67,53,1,76
test,mslesseg,p67,54,1,98
test,mslesseg,p67,55,1,86
test,mslesseg,p67,56,1,103
test,mslesseg,p67,57,1,99
test,mslesseg,p67,58,1,81
test,mslesseg,p67,59,1,77
test,mslesseg,p67,60,1,115
test,mslesseg,p67,61,1,97
test,mslesseg,p67,62,1,120
test,mslesseg,p67,63,1,123
test,mslesseg,p67,64,1,176
test,mslesseg,p67,65,1,224
test,mslesseg,p67,66,1,324
test,mslesseg,p67,67,1,287
test,mslesseg,p67,68,1,166
test,mslesseg,p67,69,1,241
test,mslesseg,p67,70,1,243
test,mslesseg,p67,71,1,396
test,mslesseg,p67,72,1,428
test,mslesseg,p67,73,1,446
test,mslesseg,p67,74,1,498
test,mslesseg,p67,75,1,426
test,mslesseg,p67,76,1,382
test,mslesseg,p67,77,1,359
test,mslesseg,p67,78,1,412
test,mslesseg,p67,79,1,527
test,mslesseg,p67,80,1,547
test,mslesseg,p67,81,1,554
test,mslesseg,p67,82,1,561
test,mslesseg,p67,83,1,518
test,mslesseg,p67,84,1,309
test,mslesseg,p67,85,1,323
test,mslesseg,p67,86,1,363
test,mslesseg,p67,87,1,375
test,mslesseg,p67,88,1,321
test,mslesseg,p67,89,1,301
test,mslesseg,p67,90,1,334
test,mslesseg,p67,91,1,390
test,mslesseg,p67,92,1,428
test,mslesseg,p67,93,1,698
test,mslesseg,p67,94,1,672
test,mslesseg,p67,95,1,606
test,mslesseg,p67,96,1,690
test,mslesseg,p67,97,1,801
test,mslesseg,p67,98,1,747
test,mslesseg,p67,99,1,830
test,mslesseg,p67,100,1,504
test,mslesseg,p67,101,1,478
test,mslesseg,p67,102,1,424
test,mslesseg,p67,103,1,496
test,mslesseg,p67,104,1,445
test,mslesseg,p67,105,1,400
test,mslesseg,p67,106,1,223
test,mslesseg,p67,107,1,223
test,mslesseg,p67,108,1,146
test,mslesseg,p67,109,1,222
test,mslesseg,p67,110,1,181
test,mslesseg,p67,111,1,154
test,mslesseg,p67,112,1,147
test,mslesseg,p67,113,1,183
test,mslesseg,p67,114,1,140
test,mslesseg,p67,115,1,148
test,mslesseg,p67,116,1,122
test,mslesseg,p67,117,1,93
test,mslesseg,p67,118,1,85
test,mslesseg,p67,119,1,81
test,mslesseg,p67,120,1,71
test,mslesseg,p67,121,1,92
test,mslesseg,p67,122,1,76
test,mslesseg,p67,123,1,67
test,mslesseg,p67,124,1,34
test,mslesseg,p67,125,1,41
test,mslesseg,p67,126,1,62
test,mslesseg,p67,127,1,56
test,mslesseg,p67,128,1,40
test,mslesseg,p67,129,1,58
test,mslesseg,p67,130,1,49
test,mslesseg,p67,131,1,41
test,mslesseg,p67,132,1,38
test,mslesseg,p67,133,1,23
test,mslesseg,p67,134,1,20
test,mslesseg,p67,135,1,13
test,mslesseg,p67,136,1,11
test,mslesseg,p67,137,1,3
test,mslesseg,p67,138,1,10
test,mslesseg,p67,139,0,0
test,mslesseg,p67,140,0,0
test,mslesseg,p67,141,0,0
test,mslesseg,p67,142,0,0
test,mslesseg,p67,143,0,0
test,mslesseg,p67,144,0,0
test,mslesseg,p67,145,0,0
test,mslesseg,p67,146,0,0
test,mslesseg,p67,147,0,0
test,mslesseg,p67,148,0,0
test,mslesseg,p67,149,0,0
test,mslesseg,p67,150,0,0
test,mslesseg,p67,151,0,0
test,mslesseg,p67,152,0,0
test,mslesseg,p67,153,0,0
test,mslesseg,p67,154,0,0
test,mslesseg,p67,155,0,0
test,mslesseg,p67,156,0,0
test,mslesseg,p67,157,0,0
test,mslesseg,p67,158,0,0
test,mslesseg,p67,159,0,0
test,mslesseg,p67,160,0,0
test,mslesseg,p67,161,0,0
test,mslesseg,p67,162,0,0
test,mslesseg,p67,163,0,0
test,mslesseg,p67,164,0,0
test,mslesseg,p67,165,0,0
test,mslesseg,p67,166,0,0
test,mslesseg,p67,167,0,0
test,mslesseg,p67,168,0,0
test,mslesseg,p67,169,0,0
test,mslesseg,p67,170,0,0
test,mslesseg,p67,171,0,0
test,mslesseg,p67,172,0,0
test,mslesseg,p67,173,0,0
test,mslesseg,p67,174,0,0
test,mslesseg,p67,175,0,0
test,mslesseg,p67,176,0,0
test,mslesseg,p67,177,0,0
test,mslesseg,p67,178,0,0
test,mslesseg,p67,179,0,0
test,mslesseg,p67,180,0,0
test,mslesseg,p67,181,0,0
test,mslesseg,p68,0,0,0
test,mslesseg,p68,1,0,0
test,mslesseg,p68,2,0,0
test,mslesseg,p68,3,0,0
test,mslesseg,p68,4,0,0
test,mslesseg,p68,5,0,0
test,mslesseg,p68,6,0,0
test,mslesseg,p68,7,0,0
test,mslesseg,p68,8,0,0
test,mslesseg,p68,9,0,0
test,mslesseg,p68,10,0,0
test,mslesseg,p68,11,0,0
test,mslesseg,p68,12,0,0
test,mslesseg,p68,13,0,0
test,mslesseg,p68,14,0,0
test,mslesseg,p68,15,0,0
test,mslesseg,p68,16,0,0
test,mslesseg,p68,17,0,0
test,mslesseg,p68,18,0,0
test,mslesseg,p68,19,0,0
test,mslesseg,p68,20,0,0
test,mslesseg,p68,21,0,0
test,mslesseg,p68,22,1,1
test,mslesseg,p68,23,1,1
test,mslesseg,p68,24,1,2
test,mslesseg,p68,25,1,3
test,mslesseg,p68,26,1,6
test,mslesseg,p68,27,1,9
test,mslesseg,p68,28,1,8
test,mslesseg,p68,29,1,8
test,mslesseg,p68,30,1,17
test,mslesseg,p68,31,1,31
test,mslesseg,p68,32,1,39
test,mslesseg,p68,33,1,44
test,mslesseg,p68,34,1,35
test,mslesseg,p68,35,1,25
test,mslesseg,p68,36,1,22
test,mslesseg,p68,37,1,20
test,mslesseg,p68,38,1,20
test,mslesseg,p68,39,1,20
test,mslesseg,p68,40,1,19
test,mslesseg,p68,41,1,13
test,mslesseg,p68,42,1,7
test,mslesseg,p68,43,0,0
test,mslesseg,p68,44,0,0
test,mslesseg,p68,45,0,0
test,mslesseg,p68,46,1,1
test,mslesseg,p68,47,0,0
test,mslesseg,p68,48,0,0
test,mslesseg,p68,49,0,0
test,mslesseg,p68,50,0,0
test,mslesseg,p68,51,1,1
test,mslesseg,p68,52,0,0
test,mslesseg,p68,53,0,0
test,mslesseg,p68,54,0,0
test,mslesseg,p68,55,0,0
test,mslesseg,p68,56,0,0
test,mslesseg,p68,57,0,0
test,mslesseg,p68,58,0,0
test,mslesseg,p68,59,0,0
test,mslesseg,p68,60,0,0
test,mslesseg,p68,61,0,0
test,mslesseg,p68,62,0,0
test,mslesseg,p68,63,0,0
test,mslesseg,p68,64,0,0
test,mslesseg,p68,65,0,0
test,mslesseg,p68,66,0,0
test,mslesseg,p68,67,0,0
test,mslesseg,p68,68,0,0
test,mslesseg,p68,69,0,0
test,mslesseg,p68,70,0,0
test,mslesseg,p68,71,0,0
test,mslesseg,p68,72,0,0
test,mslesseg,p68,73,0,0
test,mslesseg,p68,74,0,0
test,mslesseg,p68,75,0,0
test,mslesseg,p68,76,0,0
test,mslesseg,p68,77,0,0
test,mslesseg,p68,78,0,0
test,mslesseg,p68,79,0,0
test,mslesseg,p68,80,0,0
test,mslesseg,p68,81,0,0
test,mslesseg,p68,82,0,0
test,mslesseg,p68,83,0,0
test,mslesseg,p68,84,0,0
test,mslesseg,p68,85,0,0
test,mslesseg,p68,86,0,0
test,mslesseg,p68,87,0,0
test,mslesseg,p68,88,0,0
test,mslesseg,p68,89,1,4
test,mslesseg,p68,90,1,7
test,mslesseg,p68,91,1,10
test,mslesseg,p68,92,1,14
test,mslesseg,p68,93,1,12
test,mslesseg,p68,94,1,10
test,mslesseg,p68,95,1,19
test,mslesseg,p68,96,1,9
test,mslesseg,p68,97,1,15
test,mslesseg,p68,98,1,12
test,mslesseg,p68,99,1,16
test,mslesseg,p68,100,0,0
test,mslesseg,p68,101,0,0
test,mslesseg,p68,102,0,0
test,mslesseg,p68,103,0,0
test,mslesseg,p68,104,1,18
test,mslesseg,p68,105,1,22
test,mslesseg,p68,106,1,47
test,mslesseg,p68,107,1,35
test,mslesseg,p68,108,1,33
test,mslesseg,p68,109,1,97
test,mslesseg,p68,110,1,66
test,mslesseg,p68,111,1,36
test,mslesseg,p68,112,1,18
test,mslesseg,p68,113,1,20
test,mslesseg,p68,114,1,23
test,mslesseg,p68,115,1,24
test,mslesseg,p68,116,0,0
test,mslesseg,p68,117,0,0
test,mslesseg,p68,118,0,0
test,mslesseg,p68,119,0,0
test,mslesseg,p68,120,0,0
test,mslesseg,p68,121,0,0
test,mslesseg,p68,122,0,0
test,mslesseg,p68,123,0,0
test,mslesseg,p68,124,0,0
test,mslesseg,p68,125,0,0
test,mslesseg,p68,126,0,0
test,mslesseg,p68,127,0,0
test,mslesseg,p68,128,0,0
test,mslesseg,p68,129,0,0
test,mslesseg,p68,130,0,0
test,mslesseg,p68,131,0,0
test,mslesseg,p68,132,0,0
test,mslesseg,p68,133,0,0
test,mslesseg,p68,134,0,0
test,mslesseg,p68,135,0,0
test,mslesseg,p68,136,0,0
test,mslesseg,p68,137,0,0
test,mslesseg,p68,138,0,0
test,mslesseg,p68,139,0,0
test,mslesseg,p68,140,0,0
test,mslesseg,p68,141,0,0
test,mslesseg,p68,142,0,0
test,mslesseg,p68,143,0,0
test,mslesseg,p68,144,0,0
test,mslesseg,p68,145,0,0
test,mslesseg,p68,146,0,0
test,mslesseg,p68,147,0,0
test,mslesseg,p68,148,0,0
test,mslesseg,p68,149,0,0
test,mslesseg,p68,150,0,0
test,mslesseg,p68,151,0,0
test,mslesseg,p68,152,0,0
test,mslesseg,p68,153,0,0
test,mslesseg,p68,154,0,0
test,mslesseg,p68,155,0,0
test,mslesseg,p68,156,0,0
test,mslesseg,p68,157,0,0
test,mslesseg,p68,158,0,0
test,mslesseg,p68,159,0,0
test,mslesseg,p68,160,0,0
test,mslesseg,p68,161,0,0
test,mslesseg,p68,162,0,0
test,mslesseg,p68,163,0,0
test,mslesseg,p68,164,0,0
test,mslesseg,p68,165,0,0
test,mslesseg,p68,166,0,0
test,mslesseg,p68,167,0,0
test,mslesseg,p68,168,0,0
test,mslesseg,p68,169,0,0
test,mslesseg,p68,170,0,0
test,mslesseg,p68,171,0,0
test,mslesseg,p68,172,0,0
test,mslesseg,p68,173,0,0
test,mslesseg,p68,174,0,0
test,mslesseg,p68,175,0,0
test,mslesseg,p68,176,0,0
test,mslesseg,p68,177,0,0
test,mslesseg,p68,178,0,0
test,mslesseg,p68,179,0,0
test,mslesseg,p68,180,0,0
test,mslesseg,p68,181,0,0
test,mslesseg,p69,0,0,0
test,mslesseg,p69,1,0,0
test,mslesseg,p69,2,0,0
test,mslesseg,p69,3,0,0
test,mslesseg,p69,4,0,0
test,mslesseg,p69,5,0,0
test,mslesseg,p69,6,0,0
test,mslesseg,p69,7,0,0
test,mslesseg,p69,8,0,0
test,mslesseg,p69,9,0,0
test,mslesseg,p69,10,0,0
test,mslesseg,p69,11,0,0
test,mslesseg,p69,12,0,0
test,mslesseg,p69,13,0,0
test,mslesseg,p69,14,0,0
test,mslesseg,p69,15,0,0
test,mslesseg,p69,16,0,0
test,mslesseg,p69,17,0,0
test,mslesseg,p69,18,0,0
test,mslesseg,p69,19,0,0
test,mslesseg,p69,20,0,0
test,mslesseg,p69,21,0,0
test,mslesseg,p69,22,0,0
test,mslesseg,p69,23,0,0
test,mslesseg,p69,24,0,0
test,mslesseg,p69,25,0,0
test,mslesseg,p69,26,0,0
test,mslesseg,p69,27,0,0
test,mslesseg,p69,28,0,0
test,mslesseg,p69,29,0,0
test,mslesseg,p69,30,0,0
test,mslesseg,p69,31,0,0
test,mslesseg,p69,32,0,0
test,mslesseg,p69,33,0,0
test,mslesseg,p69,34,0,0
test,mslesseg,p69,35,0,0
test,mslesseg,p69,36,0,0
test,mslesseg,p69,37,0,0
test,mslesseg,p69,38,0,0
test,mslesseg,p69,39,0,0
test,mslesseg,p69,40,0,0
test,mslesseg,p69,41,0,0
test,mslesseg,p69,42,0,0
test,mslesseg,p69,43,0,0
test,mslesseg,p69,44,0,0
test,mslesseg,p69,45,0,0
test,mslesseg,p69,46,0,0
test,mslesseg,p69,47,0,0
test,mslesseg,p69,48,0,0
test,mslesseg,p69,49,0,0
test,mslesseg,p69,50,0,0
test,mslesseg,p69,51,1,18
test,mslesseg,p69,52,1,6
test,mslesseg,p69,53,1,6
test,mslesseg,p69,54,1,4
test,mslesseg,p69,55,0,0
test,mslesseg,p69,56,0,0
test,mslesseg,p69,57,0,0
test,mslesseg,p69,58,0,0
test,mslesseg,p69,59,0,0
test,mslesseg,p69,60,0,0
test,mslesseg,p69,61,0,0
test,mslesseg,p69,62,0,0
test,mslesseg,p69,63,1,5
test,mslesseg,p69,64,1,11
test,mslesseg,p69,65,1,5
test,mslesseg,p69,66,1,5
test,mslesseg,p69,67,0,0
test,mslesseg,p69,68,0,0
test,mslesseg,p69,69,0,0
test,mslesseg,p69,70,0,0
test,mslesseg,p69,71,0,0
test,mslesseg,p69,72,0,0
test,mslesseg,p69,73,1,16
test,mslesseg,p69,74,1,19
test,mslesseg,p69,75,0,0
test,mslesseg,p69,76,0,0
test,mslesseg,p69,77,1,22
test,mslesseg,p69,78,1,16
test,mslesseg,p69,79,1,15
test,mslesseg,p69,80,1,18
test,mslesseg,p69,81,1,89
test,mslesseg,p69,82,1,81
test,mslesseg,p69,83,1,125
test,mslesseg,p69,84,1,123
test,mslesseg,p69,85,1,100
test,mslesseg,p69,86,1,124
test,mslesseg,p69,87,1,102
test,mslesseg,p69,88,1,116
test,mslesseg,p69,89,1,136
test,mslesseg,p69,90,1,120
test,mslesseg,p69,91,1,90
test,mslesseg,p69,92,1,87
test,mslesseg,p69,93,1,146
test,mslesseg,p69,94,1,133
test,mslesseg,p69,95,1,131
test,mslesseg,p69,96,1,126
test,mslesseg,p69,97,1,146
test,mslesseg,p69,98,1,153
test,mslesseg,p69,99,1,161
test,mslesseg,p69,100,1,156
test,mslesseg,p69,101,1,150
test,mslesseg,p69,102,1,128
test,mslesseg,p69,103,1,158
test,mslesseg,p69,104,1,218
test,mslesseg,p69,105,1,241
test,mslesseg,p69,106,1,201
test,mslesseg,p69,107,1,158
test,mslesseg,p69,108,1,117
test,mslesseg,p69,109,1,116
test,mslesseg,p69,110,1,80
test,mslesseg,p69,111,1,83
test,mslesseg,p69,112,1,49
test,mslesseg,p69,113,1,52
test,mslesseg,p69,114,1,49
test,mslesseg,p69,115,1,54
test,mslesseg,p69,116,1,66
test,mslesseg,p69,117,1,67
test,mslesseg,p69,118,1,66
test,mslesseg,p69,119,1,67
test,mslesseg,p69,120,1,69
test,mslesseg,p69,121,1,58
test,mslesseg,p69,122,1,54
test,mslesseg,p69,123,1,69
test,mslesseg,p69,124,1,85
test,mslesseg,p69,125,1,105
test,mslesseg,p69,126,1,112
test,mslesseg,p69,127,1,82
test,mslesseg,p69,128,1,82
test,mslesseg,p69,129,1,87
test,mslesseg,p69,130,1,94
test,mslesseg,p69,131,1,88
test,mslesseg,p69,132,1,77
test,mslesseg,p69,133,1,69
test,mslesseg,p69,134,1,44
test,mslesseg,p69,135,1,31
test,mslesseg,p69,136,1,25
test,mslesseg,p69,137,1,14
test,mslesseg,p69,138,1,13
test,mslesseg,p69,139,1,5
test,mslesseg,p69,140,0,0
test,mslesseg,p69,141,0,0
test,mslesseg,p69,142,0,0
test,mslesseg,p69,143,0,0
test,mslesseg,p69,144,0,0
test,mslesseg,p69,145,0,0
test,mslesseg,p69,146,0,0
test,mslesseg,p69,147,0,0
test,mslesseg,p69,148,0,0
test,mslesseg,p69,149,0,0
test,mslesseg,p69,150,0,0
test,mslesseg,p69,151,0,0
test,mslesseg,p69,152,0,0
test,mslesseg,p69,153,0,0
test,mslesseg,p69,154,0,0
test,mslesseg,p69,155,0,0
test,mslesseg,p69,156,0,0
test,mslesseg,p69,157,0,0
test,mslesseg,p69,158,0,0
test,mslesseg,p69,159,0,0
test,mslesseg,p69,160,0,0
test,mslesseg,p69,161,0,0
test,mslesseg,p69,162,0,0
test,mslesseg,p69,163,0,0
test,mslesseg,p69,164,0,0
test,mslesseg,p69,165,0,0
test,mslesseg,p69,166,0,0
test,mslesseg,p69,167,0,0
test,mslesseg,p69,168,0,0
test,mslesseg,p69,169,0,0
test,mslesseg,p69,170,0,0
test,mslesseg,p69,171,0,0
test,mslesseg,p69,172,0,0
test,mslesseg,p69,173,0,0
test,mslesseg,p69,174,0,0
test,mslesseg,p69,175,0,0
test,mslesseg,p69,176,0,0
test,mslesseg,p69,177,0,0
test,mslesseg,p69,178,0,0
test,mslesseg,p69,179,0,0
test,mslesseg,p69,180,0,0
test,mslesseg,p69,181,0,0
test,mslesseg,p70,0,0,0
test,mslesseg,p70,1,0,0
test,mslesseg,p70,2,0,0
test,mslesseg,p70,3,0,0
test,mslesseg,p70,4,0,0
test,mslesseg,p70,5,0,0
test,mslesseg,p70,6,0,0
test,mslesseg,p70,7,0,0
test,mslesseg,p70,8,0,0
test,mslesseg,p70,9,0,0
test,mslesseg,p70,10,0,0
test,mslesseg,p70,11,0,0
test,mslesseg,p70,12,0,0
test,mslesseg,p70,13,0,0
test,mslesseg,p70,14,0,0
test,mslesseg,p70,15,0,0
test,mslesseg,p70,16,0,0
test,mslesseg,p70,17,0,0
test,mslesseg,p70,18,0,0
test,mslesseg,p70,19,0,0
test,mslesseg,p70,20,0,0
test,mslesseg,p70,21,0,0
test,mslesseg,p70,22,0,0
test,mslesseg,p70,23,0,0
test,mslesseg,p70,24,0,0
test,mslesseg,p70,25,0,0
test,mslesseg,p70,26,0,0
test,mslesseg,p70,27,0,0
test,mslesseg,p70,28,0,0
test,mslesseg,p70,29,0,0
test,mslesseg,p70,30,0,0
test,mslesseg,p70,31,0,0
test,mslesseg,p70,32,0,0
test,mslesseg,p70,33,0,0
test,mslesseg,p70,34,0,0
test,mslesseg,p70,35,0,0
test,mslesseg,p70,36,0,0
test,mslesseg,p70,37,0,0
test,mslesseg,p70,38,0,0
test,mslesseg,p70,39,0,0
test,mslesseg,p70,40,0,0
test,mslesseg,p70,41,0,0
test,mslesseg,p70,42,0,0
test,mslesseg,p70,43,0,0
test,mslesseg,p70,44,0,0
test,mslesseg,p70,45,0,0
test,mslesseg,p70,46,0,0
test,mslesseg,p70,47,0,0
test,mslesseg,p70,48,0,0
test,mslesseg,p70,49,0,0
test,mslesseg,p70,50,0,0
test,mslesseg,p70,51,0,0
test,mslesseg,p70,52,0,0
test,mslesseg,p70,53,0,0
test,mslesseg,p70,54,0,0
test,mslesseg,p70,55,0,0
test,mslesseg,p70,56,0,0
test,mslesseg,p70,57,0,0
test,mslesseg,p70,58,1,7
test,mslesseg,p70,59,1,16
test,mslesseg,p70,60,1,27
test,mslesseg,p70,61,1,30
test,mslesseg,p70,62,1,33
test,mslesseg,p70,63,1,32
test,mslesseg,p70,64,1,31
test,mslesseg,p70,65,1,26
test,mslesseg,p70,66,1,18
test,mslesseg,p70,67,1,26
test,mslesseg,p70,68,1,45
test,mslesseg,p70,69,1,44
test,mslesseg,p70,70,1,42
test,mslesseg,p70,71,1,35
test,mslesseg,p70,72,1,23
test,mslesseg,p70,73,1,19
test,mslesseg,p70,74,1,22
test,mslesseg,p70,75,1,130
test,mslesseg,p70,76,1,71
test,mslesseg,p70,77,1,98
test,mslesseg,p70,78,1,131
test,mslesseg,p70,79,1,163
test,mslesseg,p70,80,1,176
test,mslesseg,p70,81,1,196
test,mslesseg,p70,82,1,224
test,mslesseg,p70,83,1,254
test,mslesseg,p70,84,1,258
test,mslesseg,p70,85,1,262
test,mslesseg,p70,86,1,273
test,mslesseg,p70,87,1,247
test,mslesseg,p70,88,1,193
test,mslesseg,p70,89,1,157
test,mslesseg,p70,90,1,105
test,mslesseg,p70,91,1,122
test,mslesseg,p70,92,1,142
test,mslesseg,p70,93,1,139
test,mslesseg,p70,94,1,165
test,mslesseg,p70,95,1,200
test,mslesseg,p70,96,1,191
test,mslesseg,p70,97,1,193
test,mslesseg,p70,98,1,184
test,mslesseg,p70,99,1,190
test,mslesseg,p70,100,1,286
test,mslesseg,p70,101,1,271
test,mslesseg,p70,102,1,277
test,mslesseg,p70,103,1,309
test,mslesseg,p70,104,1,288
test,mslesseg,p70,105,1,353
test,mslesseg,p70,106,1,362
test,mslesseg,p70,107,1,371
test,mslesseg,p70,108,1,428
test,mslesseg,p70,109,1,407
test,mslesseg,p70,110,1,365
test,mslesseg,p70,111,1,286
test,mslesseg,p70,112,1,206
test,mslesseg,p70,113,1,145
test,mslesseg,p70,114,1,96
test,mslesseg,p70,115,1,67
test,mslesseg,p70,116,1,30
test,mslesseg,p70,117,1,30
test,mslesseg,p70,118,1,9
test,mslesseg,p70,119,1,15
test,mslesseg,p70,120,1,15
test,mslesseg,p70,121,1,15
test,mslesseg,p70,122,1,21
test,mslesseg,p70,123,1,20
test,mslesseg,p70,124,1,28
test,mslesseg,p70,125,1,20
test,mslesseg,p70,126,1,12
test,mslesseg,p70,127,1,10
test,mslesseg,p70,128,1,10
test,mslesseg,p70,129,1,11
test,mslesseg,p70,130,1,10
test,mslesseg,p70,131,1,9
test,mslesseg,p70,132,1,1
test,mslesseg,p70,133,0,0
test,mslesseg,p70,134,0,0
test,mslesseg,p70,135,0,0
test,mslesseg,p70,136,0,0
test,mslesseg,p70,137,0,0
test,mslesseg,p70,138,0,0
test,mslesseg,p70,139,0,0
test,mslesseg,p70,140,0,0
test,mslesseg,p70,141,0,0
test,mslesseg,p70,142,0,0
test,mslesseg,p70,143,0,0
test,mslesseg,p70,144,0,0
test,mslesseg,p70,145,0,0
test,mslesseg,p70,146,0,0
test,mslesseg,p70,147,0,0
test,mslesseg,p70,148,0,0
test,mslesseg,p70,149,0,0
test,mslesseg,p70,150,0,0
test,mslesseg,p70,151,0,0
test,mslesseg,p70,152,0,0
test,mslesseg,p70,153,0,0
test,mslesseg,p70,154,0,0
test,mslesseg,p70,155,0,0
test,mslesseg,p70,156,0,0
test,mslesseg,p70,157,0,0
test,mslesseg,p70,158,0,0
test,mslesseg,p70,159,0,0
test,mslesseg,p70,160,0,0
test,mslesseg,p70,161,0,0
test,mslesseg,p70,162,0,0
test,mslesseg,p70,163,0,0
test,mslesseg,p70,164,0,0
test,mslesseg,p70,165,0,0
test,mslesseg,p70,166,0,0
test,mslesseg,p70,167,0,0
test,mslesseg,p70,168,0,0
test,mslesseg,p70,169,0,0
test,mslesseg,p70,170,0,0
test,mslesseg,p70,171,0,0
test,mslesseg,p70,172,0,0
test,mslesseg,p70,173,0,0
test,mslesseg,p70,174,0,0
test,mslesseg,p70,175,0,0
test,mslesseg,p70,176,0,0
test,mslesseg,p70,177,0,0
test,mslesseg,p70,178,0,0
test,mslesseg,p70,179,0,0
test,mslesseg,p70,180,0,0
test,mslesseg,p70,181,0,0
test,mslesseg,p71,0,0,0
test,mslesseg,p71,1,0,0
test,mslesseg,p71,2,0,0
test,mslesseg,p71,3,0,0
test,mslesseg,p71,4,0,0
test,mslesseg,p71,5,0,0
test,mslesseg,p71,6,0,0
test,mslesseg,p71,7,0,0
test,mslesseg,p71,8,0,0
test,mslesseg,p71,9,0,0
test,mslesseg,p71,10,0,0
test,mslesseg,p71,11,0,0
test,mslesseg,p71,12,0,0
test,mslesseg,p71,13,0,0
test,mslesseg,p71,14,0,0
test,mslesseg,p71,15,0,0
test,mslesseg,p71,16,0,0
test,mslesseg,p71,17,0,0
test,mslesseg,p71,18,0,0
test,mslesseg,p71,19,0,0
test,mslesseg,p71,20,0,0
test,mslesseg,p71,21,0,0
test,mslesseg,p71,22,0,0
test,mslesseg,p71,23,0,0
test,mslesseg,p71,24,0,0
test,mslesseg,p71,25,0,0
test,mslesseg,p71,26,0,0
test,mslesseg,p71,27,0,0
test,mslesseg,p71,28,0,0
test,mslesseg,p71,29,0,0
test,mslesseg,p71,30,0,0
test,mslesseg,p71,31,0,0
test,mslesseg,p71,32,0,0
test,mslesseg,p71,33,0,0
test,mslesseg,p71,34,0,0
test,mslesseg,p71,35,0,0
test,mslesseg,p71,36,0,0
test,mslesseg,p71,37,0,0
test,mslesseg,p71,38,0,0
test,mslesseg,p71,39,0,0
test,mslesseg,p71,40,1,35
test,mslesseg,p71,41,1,84
test,mslesseg,p71,42,1,97
test,mslesseg,p71,43,1,82
test,mslesseg,p71,44,1,57
test,mslesseg,p71,45,1,27
test,mslesseg,p71,46,1,32
test,mslesseg,p71,47,1,28
test,mslesseg,p71,48,0,0
test,mslesseg,p71,49,0,0
test,mslesseg,p71,50,0,0
test,mslesseg,p71,51,0,0
test,mslesseg,p71,52,0,0
test,mslesseg,p71,53,0,0
test,mslesseg,p71,54,0,0
test,mslesseg,p71,55,0,0
test,mslesseg,p71,56,0,0
test,mslesseg,p71,57,0,0
test,mslesseg,p71,58,0,0
test,mslesseg,p71,59,0,0
test,mslesseg,p71,60,1,5
test,mslesseg,p71,61,1,25
test,mslesseg,p71,62,1,33
test,mslesseg,p71,63,1,35
test,mslesseg,p71,64,1,28
test,mslesseg,p71,65,1,25
test,mslesseg,p71,66,0,0
test,mslesseg,p71,67,1,7
test,mslesseg,p71,68,1,3
test,mslesseg,p71,69,1,10
test,mslesseg,p71,70,1,34
test,mslesseg,p71,71,1,41
test,mslesseg,p71,72,1,46
test,mslesseg,p71,73,1,62
test,mslesseg,p71,74,1,111
test,mslesseg,p71,75,1,128
test,mslesseg,p71,76,1,138
test,mslesseg,p71,77,1,100
test,mslesseg,p71,78,1,70
test,mslesseg,p71,79,1,53
test,mslesseg,p71,80,1,71
test,mslesseg,p71,81,1,85
test,mslesseg,p71,82,1,66
test,mslesseg,p71,83,1,88
test,mslesseg,p71,84,1,79
test,mslesseg,p71,85,1,57
test,mslesseg,p71,86,1,46
test,mslesseg,p71,87,1,49
test,mslesseg,p71,88,1,68
test,mslesseg,p71,89,1,66
test,mslesseg,p71,90,1,80
test,mslesseg,p71,91,1,128
test,mslesseg,p71,92,1,100
test,mslesseg,p71,93,1,65
test,mslesseg,p71,94,1,66
test,mslesseg,p71,95,1,55
test,mslesseg,p71,96,1,70
test,mslesseg,p71,97,1,91
test,mslesseg,p71,98,1,54
test,mslesseg,p71,99,1,164
test,mslesseg,p71,100,1,122
test,mslesseg,p71,101,1,88
test,mslesseg,p71,102,1,9
test,mslesseg,p71,103,1,17
test,mslesseg,p71,104,1,9
test,mslesseg,p71,105,1,19
test,mslesseg,p71,106,1,22
test,mslesseg,p71,107,1,21
test,mslesseg,p71,108,1,16
test,mslesseg,p71,109,0,0
test,mslesseg,p71,110,0,0
test,mslesseg,p71,111,0,0
test,mslesseg,p71,112,0,0
test,mslesseg,p71,113,0,0
test,mslesseg,p71,114,0,0
test,mslesseg,p71,115,0,0
test,mslesseg,p71,116,0,0
test,mslesseg,p71,117,0,0
test,mslesseg,p71,118,0,0
test,mslesseg,p71,119,0,0
test,mslesseg,p71,120,0,0
test,mslesseg,p71,121,0,0
test,mslesseg,p71,122,0,0
test,mslesseg,p71,123,0,0
test,mslesseg,p71,124,0,0
test,mslesseg,p71,125,1,7
test,mslesseg,p71,126,1,8
test,mslesseg,p71,127,1,6
test,mslesseg,p71,128,1,5
test,mslesseg,p71,129,0,0
test,mslesseg,p71,130,0,0
test,mslesseg,p71,131,0,0
test,mslesseg,p71,132,0,0
test,mslesseg,p71,133,0,0
test,mslesseg,p71,134,0,0
test,mslesseg,p71,135,0,0
test,mslesseg,p71,136,0,0
test,mslesseg,p71,137,0,0
test,mslesseg,p71,138,0,0
test,mslesseg,p71,139,0,0
test,mslesseg,p71,140,0,0
test,mslesseg,p71,141,0,0
test,mslesseg,p71,142,0,0
test,mslesseg,p71,143,0,0
test,mslesseg,p71,144,0,0
test,mslesseg,p71,145,0,0
test,mslesseg,p71,146,0,0
test,mslesseg,p71,147,0,0
test,mslesseg,p71,148,0,0
test,mslesseg,p71,149,0,0
test,mslesseg,p71,150,0,0
test,mslesseg,p71,151,0,0
test,mslesseg,p71,152,0,0
test,mslesseg,p71,153,0,0
test,mslesseg,p71,154,0,0
test,mslesseg,p71,155,0,0
test,mslesseg,p71,156,0,0
test,mslesseg,p71,157,0,0
test,mslesseg,p71,158,0,0
test,mslesseg,p71,159,0,0
test,mslesseg,p71,160,0,0
test,mslesseg,p71,161,0,0
test,mslesseg,p71,162,0,0
test,mslesseg,p71,163,0,0
test,mslesseg,p71,164,0,0
test,mslesseg,p71,165,0,0
test,mslesseg,p71,166,0,0
test,mslesseg,p71,167,0,0
test,mslesseg,p71,168,0,0
test,mslesseg,p71,169,0,0
test,mslesseg,p71,170,0,0
test,mslesseg,p71,171,0,0
test,mslesseg,p71,172,0,0
test,mslesseg,p71,173,0,0
test,mslesseg,p71,174,0,0
test,mslesseg,p71,175,0,0
test,mslesseg,p71,176,0,0
test,mslesseg,p71,177,0,0
test,mslesseg,p71,178,0,0
test,mslesseg,p71,179,0,0
test,mslesseg,p71,180,0,0
test,mslesseg,p71,181,0,0
test,mslesseg,p72,0,0,0
test,mslesseg,p72,1,0,0
test,mslesseg,p72,2,0,0
test,mslesseg,p72,3,0,0
test,mslesseg,p72,4,0,0
test,mslesseg,p72,5,0,0
test,mslesseg,p72,6,0,0
test,mslesseg,p72,7,0,0
test,mslesseg,p72,8,0,0
test,mslesseg,p72,9,0,0
test,mslesseg,p72,10,0,0
test,mslesseg,p72,11,0,0
test,mslesseg,p72,12,0,0
test,mslesseg,p72,13,0,0
test,mslesseg,p72,14,0,0
test,mslesseg,p72,15,0,0
test,mslesseg,p72,16,0,0
test,mslesseg,p72,17,0,0
test,mslesseg,p72,18,0,0
test,mslesseg,p72,19,0,0
test,mslesseg,p72,20,0,0
test,mslesseg,p72,21,0,0
test,mslesseg,p72,22,0,0
test,mslesseg,p72,23,0,0
test,mslesseg,p72,24,0,0
test,mslesseg,p72,25,0,0
test,mslesseg,p72,26,0,0
test,mslesseg,p72,27,0,0
test,mslesseg,p72,28,0,0
test,mslesseg,p72,29,1,23
test,mslesseg,p72,30,1,10
test,mslesseg,p72,31,1,8
test,mslesseg,p72,32,1,7
test,mslesseg,p72,33,1,13
test,mslesseg,p72,34,1,16
test,mslesseg,p72,35,1,14
test,mslesseg,p72,36,0,0
test,mslesseg,p72,37,0,0
test,mslesseg,p72,38,0,0
test,mslesseg,p72,39,0,0
test,mslesseg,p72,40,0,0
test,mslesseg,p72,41,0,0
test,mslesseg,p72,42,0,0
test,mslesseg,p72,43,0,0
test,mslesseg,p72,44,0,0
test,mslesseg,p72,45,0,0
test,mslesseg,p72,46,0,0
test,mslesseg,p72,47,0,0
test,mslesseg,p72,48,0,0
test,mslesseg,p72,49,0,0
test,mslesseg,p72,50,0,0
test,mslesseg,p72,51,0,0
test,mslesseg,p72,52,1,33
test,mslesseg,p72,53,1,33
test,mslesseg,p72,54,1,33
test,mslesseg,p72,55,1,33
test,mslesseg,p72,56,1,33
test,mslesseg,p72,57,1,33
test,mslesseg,p72,58,1,33
test,mslesseg,p72,59,1,20
test,mslesseg,p72,60,1,49
test,mslesseg,p72,61,1,34
test,mslesseg,p72,62,1,42
test,mslesseg,p72,63,1,47
test,mslesseg,p72,64,1,128
test,mslesseg,p72,65,1,129
test,mslesseg,p72,66,1,296
test,mslesseg,p72,67,1,205
test,mslesseg,p72,68,1,241
test,mslesseg,p72,69,1,272
test,mslesseg,p72,70,1,315
test,mslesseg,p72,71,1,331
test,mslesseg,p72,72,1,376
test,mslesseg,p72,73,1,408
test,mslesseg,p72,74,1,425
test,mslesseg,p72,75,1,561
test,mslesseg,p72,76,1,566
test,mslesseg,p72,77,1,579
test,mslesseg,p72,78,1,617
test,mslesseg,p72,79,1,507
test,mslesseg,p72,80,1,566
test,mslesseg,p72,81,1,595
test,mslesseg,p72,82,1,762
test,mslesseg,p72,83,1,840
test,mslesseg,p72,84,1,890
test,mslesseg,p72,85,1,955
test,mslesseg,p72,86,1,813
test,mslesseg,p72,87,1,1038
test,mslesseg,p72,88,1,787
test,mslesseg,p72,89,1,869
test,mslesseg,p72,90,1,959
test,mslesseg,p72,91,1,1123
test,mslesseg,p72,92,1,908
test,mslesseg,p72,93,1,972
test,mslesseg,p72,94,1,1027
test,mslesseg,p72,95,1,978
test,mslesseg,p72,96,1,1098
test,mslesseg,p72,97,1,973
test,mslesseg,p72,98,1,1331
test,mslesseg,p72,99,1,1321
test,mslesseg,p72,100,1,1234
test,mslesseg,p72,101,1,964
test,mslesseg,p72,102,1,752
test,mslesseg,p72,103,1,798
test,mslesseg,p72,104,1,757
test,mslesseg,p72,105,1,709
test,mslesseg,p72,106,1,513
test,mslesseg,p72,107,1,429
test,mslesseg,p72,108,1,436
test,mslesseg,p72,109,1,326
test,mslesseg,p72,110,1,287
test,mslesseg,p72,111,1,243
test,mslesseg,p72,112,1,76
test,mslesseg,p72,113,1,81
test,mslesseg,p72,114,1,59
test,mslesseg,p72,115,1,39
test,mslesseg,p72,116,1,14
test,mslesseg,p72,117,0,0
test,mslesseg,p72,118,0,0
test,mslesseg,p72,119,0,0
test,mslesseg,p72,120,0,0
test,mslesseg,p72,121,0,0
test,mslesseg,p72,122,0,0
test,mslesseg,p72,123,0,0
test,mslesseg,p72,124,0,0
test,mslesseg,p72,125,0,0
test,mslesseg,p72,126,0,0
test,mslesseg,p72,127,0,0
test,mslesseg,p72,128,0,0
test,mslesseg,p72,129,0,0
test,mslesseg,p72,130,0,0
test,mslesseg,p72,131,0,0
test,mslesseg,p72,132,0,0
test,mslesseg,p72,133,0,0
test,mslesseg,p72,134,0,0
test,mslesseg,p72,135,0,0
test,mslesseg,p72,136,0,0
test,mslesseg,p72,137,0,0
test,mslesseg,p72,138,0,0
test,mslesseg,p72,139,0,0
test,mslesseg,p72,140,0,0
test,mslesseg,p72,141,0,0
test,mslesseg,p72,142,0,0
test,mslesseg,p72,143,0,0
test,mslesseg,p72,144,0,0
test,mslesseg,p72,145,0,0
test,mslesseg,p72,146,0,0
test,mslesseg,p72,147,0,0
test,mslesseg,p72,148,0,0
test,mslesseg,p72,149,0,0
test,mslesseg,p72,150,0,0
test,mslesseg,p72,151,0,0
test,mslesseg,p72,152,0,0
test,mslesseg,p72,153,0,0
test,mslesseg,p72,154,0,0
test,mslesseg,p72,155,0,0
test,mslesseg,p72,156,0,0
test,mslesseg,p72,157,0,0
test,mslesseg,p72,158,0,0
test,mslesseg,p72,159,0,0
test,mslesseg,p72,160,0,0
test,mslesseg,p72,161,0,0
test,mslesseg,p72,162,0,0
test,mslesseg,p72,163,0,0
test,mslesseg,p72,164,0,0
test,mslesseg,p72,165,0,0
test,mslesseg,p72,166,0,0
test,mslesseg,p72,167,0,0
test,mslesseg,p72,168,0,0
test,mslesseg,p72,169,0,0
test,mslesseg,p72,170,0,0
test,mslesseg,p72,171,0,0
test,mslesseg,p72,172,0,0
test,mslesseg,p72,173,0,0
test,mslesseg,p72,174,0,0
test,mslesseg,p72,175,0,0
test,mslesseg,p72,176,0,0
test,mslesseg,p72,177,0,0
test,mslesseg,p72,178,0,0
test,mslesseg,p72,179,0,0
test,mslesseg,p72,180,0,0
test,mslesseg,p72,181,0,0
test,mslesseg,p73,0,0,0
test,mslesseg,p73,1,0,0
test,mslesseg,p73,2,0,0
test,mslesseg,p73,3,0,0
test,mslesseg,p73,4,0,0
test,mslesseg,p73,5,0,0
test,mslesseg,p73,6,0,0
test,mslesseg,p73,7,0,0
test,mslesseg,p73,8,0,0
test,mslesseg,p73,9,0,0
test,mslesseg,p73,10,0,0
test,mslesseg,p73,11,0,0
test,mslesseg,p73,12,0,0
test,mslesseg,p73,13,0,0
test,mslesseg,p73,14,0,0
test,mslesseg,p73,15,0,0
test,mslesseg,p73,16,0,0
test,mslesseg,p73,17,0,0
test,mslesseg,p73,18,0,0
test,mslesseg,p73,19,0,0
test,mslesseg,p73,20,0,0
test,mslesseg,p73,21,0,0
test,mslesseg,p73,22,0,0
test,mslesseg,p73,23,0,0
test,mslesseg,p73,24,0,0
test,mslesseg,p73,25,0,0
test,mslesseg,p73,26,1,17
test,mslesseg,p73,27,1,23
test,mslesseg,p73,28,1,12
test,mslesseg,p73,29,1,30
test,mslesseg,p73,30,1,15
test,mslesseg,p73,31,1,14
test,mslesseg,p73,32,1,18
test,mslesseg,p73,33,0,0
test,mslesseg,p73,34,0,0
test,mslesseg,p73,35,0,0
test,mslesseg,p73,36,0,0
test,mslesseg,p73,37,0,0
test,mslesseg,p73,38,0,0
test,mslesseg,p73,39,0,0
test,mslesseg,p73,40,0,0
test,mslesseg,p73,41,1,5
test,mslesseg,p73,42,1,32
test,mslesseg,p73,43,1,50
test,mslesseg,p73,44,1,64
test,mslesseg,p73,45,1,66
test,mslesseg,p73,46,1,56
test,mslesseg,p73,47,1,43
test,mslesseg,p73,48,1,10
test,mslesseg,p73,49,1,19
test,mslesseg,p73,50,1,20
test,mslesseg,p73,51,1,23
test,mslesseg,p73,52,0,0
test,mslesseg,p73,53,0,0
test,mslesseg,p73,54,1,15
test,mslesseg,p73,55,1,21
test,mslesseg,p73,56,1,17
test,mslesseg,p73,57,0,0
test,mslesseg,p73,58,0,0
test,mslesseg,p73,59,0,0
test,mslesseg,p73,60,1,13
test,mslesseg,p73,61,1,30
test,mslesseg,p73,62,1,38
test,mslesseg,p73,63,1,45
test,mslesseg,p73,64,1,62
test,mslesseg,p73,65,1,98
test,mslesseg,p73,66,1,121
test,mslesseg,p73,67,1,112
test,mslesseg,p73,68,1,126
test,mslesseg,p73,69,1,143
test,mslesseg,p73,70,1,103
test,mslesseg,p73,71,1,69
test,mslesseg,p73,72,1,46
test,mslesseg,p73,73,1,54
test,mslesseg,p73,74,1,129
test,mslesseg,p73,75,1,176
test,mslesseg,p73,76,1,289
test,mslesseg,p73,77,1,268
test,mslesseg,p73,78,1,287
test,mslesseg,p73,79,1,236
test,mslesseg,p73,80,1,206
test,mslesseg,p73,81,1,190
test,mslesseg,p73,82,1,210
test,mslesseg,p73,83,1,241
test,mslesseg,p73,84,1,227
test,mslesseg,p73,85,1,220
test,mslesseg,p73,86,1,260
test,mslesseg,p73,87,1,243
test,mslesseg,p73,88,1,204
test,mslesseg,p73,89,1,195
test,mslesseg,p73,90,1,189
test,mslesseg,p73,91,1,326
test,mslesseg,p73,92,1,307
test,mslesseg,p73,93,1,253
test,mslesseg,p73,94,1,253
test,mslesseg,p73,95,1,277
test,mslesseg,p73,96,1,195
test,mslesseg,p73,97,1,215
test,mslesseg,p73,98,1,231
test,mslesseg,p73,99,1,242
test,mslesseg,p73,100,1,367
test,mslesseg,p73,101,1,611
test,mslesseg,p73,102,1,510
test,mslesseg,p73,103,1,645
test,mslesseg,p73,104,1,591
test,mslesseg,p73,105,1,415
test,mslesseg,p73,106,1,478
test,mslesseg,p73,107,1,401
test,mslesseg,p73,108,1,192
test,mslesseg,p73,109,1,160
test,mslesseg,p73,110,0,0
test,mslesseg,p73,111,0,0
test,mslesseg,p73,112,1,2
test,mslesseg,p73,113,1,1
test,mslesseg,p73,114,1,2
test,mslesseg,p73,115,1,4
test,mslesseg,p73,116,1,7
test,mslesseg,p73,117,1,13
test,mslesseg,p73,118,1,12
test,mslesseg,p73,119,1,14
test,mslesseg,p73,120,1,17
test,mslesseg,p73,121,1,15
test,mslesseg,p73,122,1,16
test,mslesseg,p73,123,1,15
test,mslesseg,p73,124,1,12
test,mslesseg,p73,125,1,7
test,mslesseg,p73,126,0,0
test,mslesseg,p73,127,0,0
test,mslesseg,p73,128,0,0
test,mslesseg,p73,129,0,0
test,mslesseg,p73,130,0,0
test,mslesseg,p73,131,0,0
test,mslesseg,p73,132,0,0
test,mslesseg,p73,133,0,0
test,mslesseg,p73,134,0,0
test,mslesseg,p73,135,0,0
test,mslesseg,p73,136,0,0
test,mslesseg,p73,137,0,0
test,mslesseg,p73,138,0,0
test,mslesseg,p73,139,0,0
test,mslesseg,p73,140,0,0
test,mslesseg,p73,141,0,0
test,mslesseg,p73,142,0,0
test,mslesseg,p73,143,0,0
test,mslesseg,p73,144,0,0
test,mslesseg,p73,145,0,0
test,mslesseg,p73,146,0,0
test,mslesseg,p73,147,0,0
test,mslesseg,p73,148,0,0
test,mslesseg,p73,149,0,0
test,mslesseg,p73,150,0,0
test,mslesseg,p73,151,0,0
test,mslesseg,p73,152,0,0
test,mslesseg,p73,153,0,0
test,mslesseg,p73,154,0,0
test,mslesseg,p73,155,0,0
test,mslesseg,p73,156,0,0
test,mslesseg,p73,157,0,0
test,mslesseg,p73,158,0,0
test,mslesseg,p73,159,0,0
test,mslesseg,p73,160,0,0
test,mslesseg,p73,161,0,0
test,mslesseg,p73,162,0,0
test,mslesseg,p73,163,0,0
test,mslesseg,p73,164,0,0
test,mslesseg,p73,165,0,0
test,mslesseg,p73,166,0,0
test,mslesseg,p73,167,0,0
test,mslesseg,p73,168,0,0
test,mslesseg,p73,169,0,0
test,mslesseg,p73,170,0,0
test,mslesseg,p73,171,0,0
test,mslesseg,p73,172,0,0
test,mslesseg,p73,173,0,0
test,mslesseg,p73,174,0,0
test,mslesseg,p73,175,0,0
test,mslesseg,p73,176,0,0
test,mslesseg,p73,177,0,0
test,mslesseg,p73,178,0,0
test,mslesseg,p73,179,0,0
test,mslesseg,p73,180,0,0
test,mslesseg,p73,181,0,0
test,mslesseg,p74,0,0,0
test,mslesseg,p74,1,0,0
test,mslesseg,p74,2,0,0
test,mslesseg,p74,3,0,0
test,mslesseg,p74,4,0,0
test,mslesseg,p74,5,0,0
test,mslesseg,p74,6,0,0
test,mslesseg,p74,7,0,0
test,mslesseg,p74,8,0,0
test,mslesseg,p74,9,0,0
test,mslesseg,p74,10,0,0
test,mslesseg,p74,11,0,0
test,mslesseg,p74,12,0,0
test,mslesseg,p74,13,0,0
test,mslesseg,p74,14,0,0
test,mslesseg,p74,15,0,0
test,mslesseg,p74,16,0,0
test,mslesseg,p74,17,0,0
test,mslesseg,p74,18,0,0
test,mslesseg,p74,19,0,0
test,mslesseg,p74,20,0,0
test,mslesseg,p74,21,0,0
test,mslesseg,p74,22,0,0
test,mslesseg,p74,23,0,0
test,mslesseg,p74,24,0,0
test,mslesseg,p74,25,0,0
test,mslesseg,p74,26,0,0
test,mslesseg,p74,27,0,0
test,mslesseg,p74,28,0,0
test,mslesseg,p74,29,0,0
test,mslesseg,p74,30,0,0
test,mslesseg,p74,31,0,0
test,mslesseg,p74,32,0,0
test,mslesseg,p74,33,0,0
test,mslesseg,p74,34,0,0
test,mslesseg,p74,35,0,0
test,mslesseg,p74,36,0,0
test,mslesseg,p74,37,0,0
test,mslesseg,p74,38,0,0
test,mslesseg,p74,39,0,0
test,mslesseg,p74,40,0,0
test,mslesseg,p74,41,0,0
test,mslesseg,p74,42,0,0
test,mslesseg,p74,43,0,0
test,mslesseg,p74,44,0,0
test,mslesseg,p74,45,0,0
test,mslesseg,p74,46,0,0
test,mslesseg,p74,47,0,0
test,mslesseg,p74,48,0,0
test,mslesseg,p74,49,0,0
test,mslesseg,p74,50,0,0
test,mslesseg,p74,51,0,0
test,mslesseg,p74,52,0,0
test,mslesseg,p74,53,0,0
test,mslesseg,p74,54,0,0
test,mslesseg,p74,55,0,0
test,mslesseg,p74,56,0,0
test,mslesseg,p74,57,0,0
test,mslesseg,p74,58,0,0
test,mslesseg,p74,59,0,0
test,mslesseg,p74,60,1,2
test,mslesseg,p74,61,1,12
test,mslesseg,p74,62,1,4
test,mslesseg,p74,63,0,0
test,mslesseg,p74,64,1,14
test,mslesseg,p74,65,1,12
test,mslesseg,p74,66,1,7
test,mslesseg,p74,67,1,4
test,mslesseg,p74,68,1,6
test,mslesseg,p74,69,1,7
test,mslesseg,p74,70,1,8
test,mslesseg,p74,71,0,0
test,mslesseg,p74,72,1,6
test,mslesseg,p74,73,1,7
test,mslesseg,p74,74,1,11
test,mslesseg,p74,75,0,0
test,mslesseg,p74,76,0,0
test,mslesseg,p74,77,0,0
test,mslesseg,p74,78,0,0
test,mslesseg,p74,79,1,3
test,mslesseg,p74,80,0,0
test,mslesseg,p74,81,0,0
test,mslesseg,p74,82,0,0
test,mslesseg,p74,83,1,1
test,mslesseg,p74,84,1,11
test,mslesseg,p74,85,1,20
test,mslesseg,p74,86,1,34
test,mslesseg,p74,87,1,41
test,mslesseg,p74,88,1,61
test,mslesseg,p74,89,1,74
test,mslesseg,p74,90,1,68
test,mslesseg,p74,91,1,67
test,mslesseg,p74,92,1,25
test,mslesseg,p74,93,1,66
test,mslesseg,p74,94,1,67
test,mslesseg,p74,95,1,61
test,mslesseg,p74,96,1,70
test,mslesseg,p74,97,1,123
test,mslesseg,p74,98,1,70
test,mslesseg,p74,99,1,56
test,mslesseg,p74,100,1,58
test,mslesseg,p74,101,1,28
test,mslesseg,p74,102,1,36
test,mslesseg,p74,103,1,59
test,mslesseg,p74,104,1,102
test,mslesseg,p74,105,1,98
test,mslesseg,p74,106,1,120
test,mslesseg,p74,107,1,89
test,mslesseg,p74,108,1,56
test,mslesseg,p74,109,1,25
test,mslesseg,p74,110,1,9
test,mslesseg,p74,111,1,2
test,mslesseg,p74,112,1,4
test,mslesseg,p74,113,1,2
test,mslesseg,p74,114,1,3
test,mslesseg,p74,115,1,2
test,mslesseg,p74,116,1,5
test,mslesseg,p74,117,1,14
test,mslesseg,p74,118,1,17
test,mslesseg,p74,119,1,32
test,mslesseg,p74,120,1,14
test,mslesseg,p74,121,1,16
test,mslesseg,p74,122,1,15
test,mslesseg,p74,123,1,4
test,mslesseg,p74,124,1,5
test,mslesseg,p74,125,1,5
test,mslesseg,p74,126,1,5
test,mslesseg,p74,127,1,5
test,mslesseg,p74,128,1,7
test,mslesseg,p74,129,1,6
test,mslesseg,p74,130,1,8
test,mslesseg,p74,131,1,8
test,mslesseg,p74,132,1,6
test,mslesseg,p74,133,1,7
test,mslesseg,p74,134,1,8
test,mslesseg,p74,135,1,11
test,mslesseg,p74,136,1,14
test,mslesseg,p74,137,1,17
test,mslesseg,p74,138,1,14
test,mslesseg,p74,139,1,8
test,mslesseg,p74,140,1,5
test,mslesseg,p74,141,1,3
test,mslesseg,p74,142,1,2
test,mslesseg,p74,143,0,0
test,mslesseg,p74,144,0,0
test,mslesseg,p74,145,0,0
test,mslesseg,p74,146,0,0
test,mslesseg,p74,147,0,0
test,mslesseg,p74,148,0,0
test,mslesseg,p74,149,0,0
test,mslesseg,p74,150,0,0
test,mslesseg,p74,151,0,0
test,mslesseg,p74,152,0,0
test,mslesseg,p74,153,0,0
test,mslesseg,p74,154,0,0
test,mslesseg,p74,155,0,0
test,mslesseg,p74,156,0,0
test,mslesseg,p74,157,0,0
test,mslesseg,p74,158,0,0
test,mslesseg,p74,159,0,0
test,mslesseg,p74,160,0,0
test,mslesseg,p74,161,0,0
test,mslesseg,p74,162,0,0
test,mslesseg,p74,163,0,0
test,mslesseg,p74,164,0,0
test,mslesseg,p74,165,0,0
test,mslesseg,p74,166,0,0
test,mslesseg,p74,167,0,0
test,mslesseg,p74,168,0,0
test,mslesseg,p74,169,0,0
test,mslesseg,p74,170,0,0
test,mslesseg,p74,171,0,0
test,mslesseg,p74,172,0,0
test,mslesseg,p74,173,0,0
test,mslesseg,p74,174,0,0
test,mslesseg,p74,175,0,0
test,mslesseg,p74,176,0,0
test,mslesseg,p74,177,0,0
test,mslesseg,p74,178,0,0
test,mslesseg,p74,179,0,0
test,mslesseg,p74,180,0,0
test,mslesseg,p74,181,0,0
test,mslesseg,p75,0,0,0
test,mslesseg,p75,1,0,0
test,mslesseg,p75,2,0,0
test,mslesseg,p75,3,0,0
test,mslesseg,p75,4,0,0
test,mslesseg,p75,5,0,0
test,mslesseg,p75,6,0,0
test,mslesseg,p75,7,0,0
test,mslesseg,p75,8,0,0
test,mslesseg,p75,9,0,0
test,mslesseg,p75,10,0,0
test,mslesseg,p75,11,0,0
test,mslesseg,p75,12,0,0
test,mslesseg,p75,13,0,0
test,mslesseg,p75,14,0,0
test,mslesseg,p75,15,0,0
test,mslesseg,p75,16,0,0
test,mslesseg,p75,17,0,0
test,mslesseg,p75,18,0,0
test,mslesseg,p75,19,0,0
test,mslesseg,p75,20,0,0
test,mslesseg,p75,21,0,0
test,mslesseg,p75,22,0,0
test,mslesseg,p75,23,0,0
test,mslesseg,p75,24,0,0
test,mslesseg,p75,25,0,0
test,mslesseg,p75,26,0,0
test,mslesseg,p75,27,0,0
test,mslesseg,p75,28,0,0
test,mslesseg,p75,29,0,0
test,mslesseg,p75,30,0,0
test,mslesseg,p75,31,0,0
test,mslesseg,p75,32,0,0
test,mslesseg,p75,33,0,0
test,mslesseg,p75,34,1,28
test,mslesseg,p75,35,1,26
test,mslesseg,p75,36,1,53
test,mslesseg,p75,37,1,60
test,mslesseg,p75,38,1,37
test,mslesseg,p75,39,1,30
test,mslesseg,p75,40,1,38
test,mslesseg,p75,41,1,49
test,mslesseg,p75,42,1,50
test,mslesseg,p75,43,1,55
test,mslesseg,p75,44,1,56
test,mslesseg,p75,45,1,53
test,mslesseg,p75,46,1,57
test,mslesseg,p75,47,1,14
test,mslesseg,p75,48,1,17
test,mslesseg,p75,49,1,32
test,mslesseg,p75,50,1,24
test,mslesseg,p75,51,1,13
test,mslesseg,p75,52,0,0
test,mslesseg,p75,53,0,0
test,mslesseg,p75,54,0,0
test,mslesseg,p75,55,1,5
test,mslesseg,p75,56,1,24
test,mslesseg,p75,57,1,23
test,mslesseg,p75,58,1,21
test,mslesseg,p75,59,1,24
test,mslesseg,p75,60,0,0
test,mslesseg,p75,61,0,0
test,mslesseg,p75,62,0,0
test,mslesseg,p75,63,1,11
test,mslesseg,p75,64,1,21
test,mslesseg,p75,65,1,19
test,mslesseg,p75,66,1,44
test,mslesseg,p75,67,1,62
test,mslesseg,p75,68,1,64
test,mslesseg,p75,69,1,121
test,mslesseg,p75,70,1,102
test,mslesseg,p75,71,1,68
test,mslesseg,p75,72,1,63
test,mslesseg,p75,73,1,87
test,mslesseg,p75,74,1,98
test,mslesseg,p75,75,1,131
test,mslesseg,p75,76,1,116
test,mslesseg,p75,77,1,146
test,mslesseg,p75,78,1,122
test,mslesseg,p75,79,1,86
test,mslesseg,p75,80,1,97
test,mslesseg,p75,81,1,135
test,mslesseg,p75,82,1,152
test,mslesseg,p75,83,1,187
test,mslesseg,p75,84,1,172
test,mslesseg,p75,85,1,138
test,mslesseg,p75,86,1,170
test,mslesseg,p75,87,1,229
test,mslesseg,p75,88,1,221
test,mslesseg,p75,89,1,264
test,mslesseg,p75,90,1,328
test,mslesseg,p75,91,1,335
test,mslesseg,p75,92,1,342
test,mslesseg,p75,93,1,309
test,mslesseg,p75,94,1,336
test,mslesseg,p75,95,1,301
test,mslesseg,p75,96,1,290
test,mslesseg,p75,97,1,255
test,mslesseg,p75,98,1,273
test,mslesseg,p75,99,1,262
test,mslesseg,p75,100,1,267
test,mslesseg,p75,101,1,260
test,mslesseg,p75,102,1,248
test,mslesseg,p75,103,1,157
test,mslesseg,p75,104,1,155
test,mslesseg,p75,105,1,137
test,mslesseg,p75,106,1,104
test,mslesseg,p75,107,1,124
test,mslesseg,p75,108,1,109
test,mslesseg,p75,109,1,119
test,mslesseg,p75,110,1,112
test,mslesseg,p75,111,1,94
test,mslesseg,p75,112,1,55
test,mslesseg,p75,113,1,54
test,mslesseg,p75,114,1,56
test,mslesseg,p75,115,1,38
test,mslesseg,p75,116,1,58
test,mslesseg,p75,117,1,59
test,mslesseg,p75,118,1,57
test,mslesseg,p75,119,1,70
test,mslesseg,p75,120,1,34
test,mslesseg,p75,121,1,22
test,mslesseg,p75,122,1,26
test,mslesseg,p75,123,1,18
test,mslesseg,p75,124,1,5
test,mslesseg,p75,125,0,0
test,mslesseg,p75,126,1,10
test,mslesseg,p75,127,1,8
test,mslesseg,p75,128,1,15
test,mslesseg,p75,129,1,17
test,mslesseg,p75,130,1,10
test,mslesseg,p75,131,1,19
test,mslesseg,p75,132,1,25
test,mslesseg,p75,133,1,27
test,mslesseg,p75,134,1,13
test,mslesseg,p75,135,1,17
test,mslesseg,p75,136,1,10
test,mslesseg,p75,137,1,13
test,mslesseg,p75,138,0,0
test,mslesseg,p75,139,0,0
test,mslesseg,p75,140,0,0
test,mslesseg,p75,141,0,0
test,mslesseg,p75,142,0,0
test,mslesseg,p75,143,0,0
test,mslesseg,p75,144,0,0
test,mslesseg,p75,145,0,0
test,mslesseg,p75,146,0,0
test,mslesseg,p75,147,0,0
test,mslesseg,p75,148,0,0
test,mslesseg,p75,149,0,0
test,mslesseg,p75,150,0,0
test,mslesseg,p75,151,0,0
test,mslesseg,p75,152,0,0
test,mslesseg,p75,153,0,0
test,mslesseg,p75,154,0,0
test,mslesseg,p75,155,0,0
test,mslesseg,p75,156,0,0
test,mslesseg,p75,157,0,0
test,mslesseg,p75,158,0,0
test,mslesseg,p75,159,0,0
test,mslesseg,p75,160,0,0
test,mslesseg,p75,161,0,0
test,mslesseg,p75,162,0,0
test,mslesseg,p75,163,0,0
test,mslesseg,p75,164,0,0
test,mslesseg,p75,165,0,0
test,mslesseg,p75,166,0,0
test,mslesseg,p75,167,0,0
test,mslesseg,p75,168,0,0
test,mslesseg,p75,169,0,0
test,mslesseg,p75,170,0,0
test,mslesseg,p75,171,0,0
test,mslesseg,p75,172,0,0
test,mslesseg,p75,173,0,0
test,mslesseg,p75,174,0,0
test,mslesseg,p75,175,0,0
test,mslesseg,p75,176,0,0
test,mslesseg,p75,177,0,0
test,mslesseg,p75,178,0,0
test,mslesseg,p75,179,0,0
test,mslesseg,p75,180,0,0
test,mslesseg,p75,181,0,0
train,mslesseg,p01,24,0,0
train,mslesseg,p01,33,0,0
train,mslesseg,p01,35,1,8
train,mslesseg,p01,36,1,8
train,mslesseg,p01,38,0,0
train,mslesseg,p01,41,1,1
train,mslesseg,p01,42,1,10
train,mslesseg,p01,43,1,11
train,mslesseg,p01,44,1,20
train,mslesseg,p01,45,1,21
train,mslesseg,p01,46,1,20
train,mslesseg,p01,47,1,25
train,mslesseg,p01,48,1,29
train,mslesseg,p01,49,1,10
train,mslesseg,p01,50,1,6
train,mslesseg,p01,51,1,4
train,mslesseg,p01,52,1,14
train,mslesseg,p01,53,1,24
train,mslesseg,p01,54,1,47
train,mslesseg,p01,55,1,76
train,mslesseg,p01,56,1,100
train,mslesseg,p01,57,1,131
train,mslesseg,p01,58,1,166
train,mslesseg,p01,59,1,179
train,mslesseg,p01,60,1,189
train,mslesseg,p01,61,1,191
train,mslesseg,p01,62,1,204
train,mslesseg,p01,63,1,198
train,mslesseg,p01,64,1,188
train,mslesseg,p01,65,1,178
train,mslesseg,p01,66,1,186
train,mslesseg,p01,67,1,197
train,mslesseg,p01,68,1,154
train,mslesseg,p01,69,1,203
train,mslesseg,p01,70,1,108
train,mslesseg,p01,71,1,90
train,mslesseg,p01,72,1,135
train,mslesseg,p01,73,1,185
train,mslesseg,p01,74,1,176
train,mslesseg,p01,75,1,337
train,mslesseg,p01,76,1,356
train,mslesseg,p01,77,1,381
train,mslesseg,p01,78,1,322
train,mslesseg,p01,79,1,350
train,mslesseg,p01,80,1,262
train,mslesseg,p01,81,1,165
train,mslesseg,p01,82,1,160
train,mslesseg,p01,83,1,214
train,mslesseg,p01,84,1,219
train,mslesseg,p01,85,1,251
train,mslesseg,p01,86,1,251
train,mslesseg,p01,87,1,295
train,mslesseg,p01,88,1,326
train,mslesseg,p01,89,1,323
train,mslesseg,p01,90,1,326
train,mslesseg,p01,91,1,327
train,mslesseg,p01,92,1,462
train,mslesseg,p01,93,1,476
train,mslesseg,p01,94,1,494
train,mslesseg,p01,95,1,422
train,mslesseg,p01,96,1,452
train,mslesseg,p01,97,1,504
train,mslesseg,p01,98,1,546
train,mslesseg,p01,99,1,555
train,mslesseg,p01,100,1,781
train,mslesseg,p01,101,1,819
train,mslesseg,p01,102,1,883
train,mslesseg,p01,103,1,807
train,mslesseg,p01,104,1,687
train,mslesseg,p01,105,1,625
train,mslesseg,p01,106,1,559
train,mslesseg,p01,107,1,487
train,mslesseg,p01,108,1,425
train,mslesseg,p01,109,1,351
train,mslesseg,p01,110,1,286
train,mslesseg,p01,111,1,242
train,mslesseg,p01,112,1,204
train,mslesseg,p01,113,1,163
train,mslesseg,p01,114,1,127
train,mslesseg,p01,115,1,95
train,mslesseg,p01,116,1,114
train,mslesseg,p01,117,1,44
train,mslesseg,p01,118,1,72
train,mslesseg,p01,119,1,34
train,mslesseg,p01,120,1,54
train,mslesseg,p01,121,1,63
train,mslesseg,p01,122,1,53
train,mslesseg,p01,123,1,59
train,mslesseg,p01,124,1,64
train,mslesseg,p01,125,1,71
train,mslesseg,p01,126,1,75
train,mslesseg,p01,127,1,62
train,mslesseg,p01,128,1,48
train,mslesseg,p01,129,1,27
train,mslesseg,p01,130,1,24
train,mslesseg,p01,131,1,1
train,mslesseg,p01,139,0,0
train,mslesseg,p02,25,0,0
train,mslesseg,p02,28,0,0
train,mslesseg,p02,33,0,0
train,mslesseg,p02,36,0,0
train,mslesseg,p02,39,0,0
train,mslesseg,p02,41,0,0
train,mslesseg,p02,45,0,0
train,mslesseg,p02,49,0,0
train,mslesseg,p02,62,0,0
train,mslesseg,p02,63,0,0
train,mslesseg,p02,64,0,0
train,mslesseg,p02,67,1,16
train,mslesseg,p02,68,1,11
train,mslesseg,p02,69,1,27
train,mslesseg,p02,70,1,65
train,mslesseg,p02,71,1,93
train,mslesseg,p02,72,1,109
train,mslesseg,p02,73,1,106
train,mslesseg,p02,74,1,77
train,mslesseg,p02,75,1,58
train,mslesseg,p02,76,1,49
train,mslesseg,p02,77,1,33
train,mslesseg,p02,78,1,18
train,mslesseg,p02,79,1,57
train,mslesseg,p02,80,1,89
train,mslesseg,p02,81,1,92
train,mslesseg,p02,82,1,86
train,mslesseg,p02,83,1,92
train,mslesseg,p02,84,1,92
train,mslesseg,p02,85,1,65
train,mslesseg,p02,86,1,55
train,mslesseg,p02,87,1,63
train,mslesseg,p02,88,1,66
train,mslesseg,p02,89,1,57
train,mslesseg,p02,90,1,54
train,mslesseg,p02,91,1,71
train,mslesseg,p02,92,1,77
train,mslesseg,p02,93,1,32
train,mslesseg,p02,94,1,32
train,mslesseg,p02,95,1,40
train,mslesseg,p02,96,1,43
train,mslesseg,p02,97,1,8
train,mslesseg,p02,98,1,7
train,mslesseg,p02,99,1,29
train,mslesseg,p02,100,1,44
train,mslesseg,p02,101,1,52
train,mslesseg,p02,102,1,49
train,mslesseg,p02,103,1,45
train,mslesseg,p02,104,1,41
train,mslesseg,p02,105,1,30
train,mslesseg,p02,106,1,40
train,mslesseg,p02,107,1,28
train,mslesseg,p02,108,1,32
train,mslesseg,p02,109,1,22
train,mslesseg,p02,110,1,9
train,mslesseg,p02,112,0,0
train,mslesseg,p02,122,0,0
train,mslesseg,p02,134,0,0
train,mslesseg,p02,139,0,0
train,mslesseg,p02,141,0,0
train,mslesseg,p02,142,0,0
train,mslesseg,p03,24,0,0
train,mslesseg,p03,25,0,0
train,mslesseg,p03,27,0,0
train,mslesseg,p03,32,0,0
train,mslesseg,p03,34,1,1
train,mslesseg,p03,35,1,20
train,mslesseg,p03,36,1,20
train,mslesseg,p03,37,1,20
train,mslesseg,p03,38,1,31
train,mslesseg,p03,39,1,34
train,mslesseg,p03,40,1,35
train,mslesseg,p03,41,1,34
train,mslesseg,p03,42,1,10
train,mslesseg,p03,43,1,9
train,mslesseg,p03,44,1,8
train,mslesseg,p03,45,1,8
train,mslesseg,p03,48,1,18
train,mslesseg,p03,49,1,18
train,mslesseg,p03,50,1,17
train,mslesseg,p03,51,1,14
train,mslesseg,p03,52,1,6
train,mslesseg,p03,53,1,6
train,mslesseg,p03,54,1,6
train,mslesseg,p03,58,1,1
train,mslesseg,p03,59,1,8
train,mslesseg,p03,60,1,11
train,mslesseg,p03,61,1,11
train,mslesseg,p03,62,1,22
train,mslesseg,p03,63,1,24
train,mslesseg,p03,64,1,18
train,mslesseg,p03,65,1,21
train,mslesseg,p03,66,1,9
train,mslesseg,p03,67,0,0
train,mslesseg,p03,68,0,0
train,mslesseg,p03,70,0,0
train,mslesseg,p03,71,0,0
train,mslesseg,p03,72,1,6
train,mslesseg,p03,73,1,6
train,mslesseg,p03,74,1,6
train,mslesseg,p03,75,1,6
train,mslesseg,p03,76,1,21
train,mslesseg,p03,77,1,24
train,mslesseg,p03,78,1,27
train,mslesseg,p03,79,1,48
train,mslesseg,p03,80,1,76
train,mslesseg,p03,81,1,124
train,mslesseg,p03,82,1,134
train,mslesseg,p03,83,1,151
train,mslesseg,p03,84,1,165
train,mslesseg,p03,85,1,161
train,mslesseg,p03,86,1,151
train,mslesseg,p03,87,1,82
train,mslesseg,p03,88,1,81
train,mslesseg,p03,89,1,60
train,mslesseg,p03,90,1,42
train,mslesseg,p03,91,1,46
train,mslesseg,p03,92,1,50
train,mslesseg,p03,93,1,92
train,mslesseg,p03,94,1,91
train,mslesseg,p03,95,1,79
train,mslesseg,p03,96,1,62
train,mslesseg,p03,97,1,39
train,mslesseg,p03,98,1,40
train,mslesseg,p03,99,1,37
train,mslesseg,p03,100,1,50
train,mslesseg,p03,101,1,52
train,mslesseg,p03,102,1,60
train,mslesseg,p03,103,1,56
train,mslesseg,p03,104,1,48
train,mslesseg,p03,105,1,45
train,mslesseg,p03,106,1,40
train,mslesseg,p03,107,1,31
train,mslesseg,p03,108,1,26
train,mslesseg,p03,109,1,6
train,mslesseg,p03,110,1,14
train,mslesseg,p03,111,1,24
train,mslesseg,p03,112,1,23
train,mslesseg,p03,113,1,15
train,mslesseg,p03,114,1,21
train,mslesseg,p03,115,1,21
train,mslesseg,p03,116,1,11
train,mslesseg,p03,117,1,11
train,mslesseg,p03,118,1,11
train,mslesseg,p03,119,1,11
train,mslesseg,p03,120,1,20
train,mslesseg,p03,121,1,9
train,mslesseg,p03,122,1,9
train,mslesseg,p03,123,1,9
train,mslesseg,p03,124,1,9
train,mslesseg,p03,125,0,0
train,mslesseg,p03,128,0,0
train,mslesseg,p03,130,0,0
train,mslesseg,p03,131,0,0
train,mslesseg,p03,132,0,0
train,mslesseg,p03,135,0,0
train,mslesseg,p03,137,0,0
train,mslesseg,p03,138,0,0
train,mslesseg,p03,140,0,0
train,mslesseg,p04,23,0,0
train,mslesseg,p04,26,0,0
train,mslesseg,p04,30,0,0
train,mslesseg,p04,33,0,0
train,mslesseg,p04,41,0,0
train,mslesseg,p04,43,0,0
train,mslesseg,p04,46,0,0
train,mslesseg,p04,47,0,0
train,mslesseg,p04,48,0,0
train,mslesseg,p04,51,0,0
train,mslesseg,p04,52,1,14
train,mslesseg,p04,53,1,22
train,mslesseg,p04,54,1,20
train,mslesseg,p04,55,1,15
train,mslesseg,p04,56,1,12
train,mslesseg,p04,57,1,34
train,mslesseg,p04,58,1,38
train,mslesseg,p04,59,1,38
train,mslesseg,p04,60,1,47
train,mslesseg,p04,61,1,64
train,mslesseg,p04,62,1,99
train,mslesseg,p04,63,1,114
train,mslesseg,p04,64,1,116
train,mslesseg,p04,65,1,120
train,mslesseg,p04,66,1,138
train,mslesseg,p04,67,1,133
train,mslesseg,p04,68,1,158
train,mslesseg,p04,69,1,174
train,mslesseg,p04,70,1,183
train,mslesseg,p04,71,1,234
train,mslesseg,p04,72,1,369
train,mslesseg,p04,73,1,378
train,mslesseg,p04,74,1,416
train,mslesseg,p04,75,1,430
train,mslesseg,p04,76,1,451
train,mslesseg,p04,77,1,452
train,mslesseg,p04,78,1,451
train,mslesseg,p04,79,1,765
train,mslesseg,p04,80,1,588
train,mslesseg,p04,81,1,592
train,mslesseg,p04,82,1,605
train,mslesseg,p04,83,1,629
train,mslesseg,p04,84,1,726
train,mslesseg,p04,85,1,721
train,mslesseg,p04,86,1,703
train,mslesseg,p04,87,1,734
train,mslesseg,p04,88,1,829
train,mslesseg,p04,89,1,915
train,mslesseg,p04,90,1,1076
train,mslesseg,p04,91,1,1058
train,mslesseg,p04,92,1,1142
train,mslesseg,p04,93,1,1030
train,mslesseg,p04,94,1,1173
train,mslesseg,p04,95,1,1295
train,mslesseg,p04,96,1,1398
train,mslesseg,p04,97,1,1589
train,mslesseg,p04,98,1,1487
train,mslesseg,p04,99,1,1174
train,mslesseg,p04,100,1,787
train,mslesseg,p04,101,1,804
train,mslesseg,p04,102,1,1215
train,mslesseg,p04,103,1,1185
train,mslesseg,p04,104,1,1084
train,mslesseg,p04,105,1,989
train,mslesseg,p04,106,1,703
train,mslesseg,p04,107,1,533
train,mslesseg,p04,108,1,560
train,mslesseg,p04,109,1,431
train,mslesseg,p04,110,1,333
train,mslesseg,p04,111,1,251
train,mslesseg,p04,112,1,190
train,mslesseg,p04,113,1,216
train,mslesseg,p04,114,1,165
train,mslesseg,p04,115,1,127
train,mslesseg,p04,116,1,94
train,mslesseg,p04,117,1,47
train,mslesseg,p04,118,1,17
train,mslesseg,p04,119,1,9
train,mslesseg,p04,120,1,6
train,mslesseg,p04,121,1,10
train,mslesseg,p04,122,1,12
train,mslesseg,p04,123,1,14
train,mslesseg,p04,124,1,13
train,mslesseg,p04,125,1,11
train,mslesseg,p04,126,1,6
train,mslesseg,p04,127,1,6
train,mslesseg,p04,128,1,20
train,mslesseg,p04,129,1,25
train,mslesseg,p04,130,1,34
train,mslesseg,p04,131,1,39
train,mslesseg,p04,132,1,37
train,mslesseg,p04,133,1,22
train,mslesseg,p04,134,1,40
train,mslesseg,p05,20,0,0
train,mslesseg,p05,21,0,0
train,mslesseg,p05,23,0,0
train,mslesseg,p05,28,1,21
train,mslesseg,p05,29,1,46
train,mslesseg,p05,30,1,65
train,mslesseg,p05,31,1,107
train,mslesseg,p05,32,1,165
train,mslesseg,p05,33,1,210
train,mslesseg,p05,34,1,253
train,mslesseg,p05,35,1,186
train,mslesseg,p05,36,1,280
train,mslesseg,p05,37,1,270
train,mslesseg,p05,38,1,223
train,mslesseg,p05,39,1,167
train,mslesseg,p05,40,1,120
train,mslesseg,p05,41,1,45
train,mslesseg,p05,44,1,7
train,mslesseg,p05,45,1,5
train,mslesseg,p05,49,0,0
train,mslesseg,p05,51,0,0
train,mslesseg,p05,52,0,0
train,mslesseg,p05,54,1,1
train,mslesseg,p05,55,1,4
train,mslesseg,p05,56,1,15
train,mslesseg,p05,57,1,22
train,mslesseg,p05,58,1,23
train,mslesseg,p05,59,1,24
train,mslesseg,p05,60,1,21
train,mslesseg,p05,61,1,18
train,mslesseg,p05,62,1,25
train,mslesseg,p05,63,1,43
train,mslesseg,p05,64,1,57
train,mslesseg,p05,65,1,55
train,mslesseg,p05,66,1,34
train,mslesseg,p05,67,1,20
train,mslesseg,p05,68,1,9
train,mslesseg,p05,69,1,1
train,mslesseg,p05,70,1,5
train,mslesseg,p05,71,1,11
train,mslesseg,p05,72,1,5
train,mslesseg,p05,73,1,1
train,mslesseg,p05,74,1,1
train,mslesseg,p05,75,1,1
train,mslesseg,p05,76,1,1
train,mslesseg,p05,77,1,3
train,mslesseg,p05,78,1,4
train,mslesseg,p05,79,1,2
train,mslesseg,p05,80,1,9
train,mslesseg,p05,81,1,13
train,mslesseg,p05,82,1,12
train,mslesseg,p05,83,1,20
train,mslesseg,p05,84,1,23
train,mslesseg,p05,85,1,35
train,mslesseg,p05,86,1,51
train,mslesseg,p05,87,1,67
train,mslesseg,p05,88,1,98
train,mslesseg,p05,89,1,105
train,mslesseg,p05,90,1,90
train,mslesseg,p05,91,1,76
train,mslesseg,p05,92,1,67
train,mslesseg,p05,93,1,54
train,mslesseg,p05,94,1,51
train,mslesseg,p05,95,1,52
train,mslesseg,p05,96,1,50
train,mslesseg,p05,97,1,60
train,mslesseg,p05,98,1,95
train,mslesseg,p05,99,1,93
train,mslesseg,p05,100,1,78
train,mslesseg,p05,101,1,61
train,mslesseg,p05,102,1,49
train,mslesseg,p05,103,1,55
train,mslesseg,p05,104,1,41
train,mslesseg,p05,105,1,22
train,mslesseg,p05,106,1,14
train,mslesseg,p05,107,1,10
train,mslesseg,p05,108,1,9
train,mslesseg,p05,119,0,0
train,mslesseg,p05,122,0,0
train,mslesseg,p05,128,0,0
train,mslesseg,p05,130,0,0
train,mslesseg,p05,133,0,0
train,mslesseg,p05,134,0,0
train,mslesseg,p05,137,0,0
train,mslesseg,p05,139,0,0
train,mslesseg,p05,142,0,0
train,mslesseg,p05,143,0,0
train,mslesseg,p06,18,0,0
train,mslesseg,p06,23,0,0
train,mslesseg,p06,24,0,0
train,mslesseg,p06,25,0,0
train,mslesseg,p06,31,0,0
train,mslesseg,p06,33,1,20
train,mslesseg,p06,34,1,20
train,mslesseg,p06,35,1,23
train,mslesseg,p06,36,1,43
train,mslesseg,p06,37,1,69
train,mslesseg,p06,38,1,57
train,mslesseg,p06,39,1,83
train,mslesseg,p06,40,1,44
train,mslesseg,p06,41,1,48
train,mslesseg,p06,42,1,49
train,mslesseg,p06,43,1,83
train,mslesseg,p06,44,1,73
train,mslesseg,p06,45,1,58
train,mslesseg,p06,46,1,36
train,mslesseg,p06,47,1,31
train,mslesseg,p06,48,1,25
train,mslesseg,p06,49,1,15
train,mslesseg,p06,50,1,5
train,mslesseg,p06,51,1,14
train,mslesseg,p06,52,1,25
train,mslesseg,p06,53,1,24
train,mslesseg,p06,54,1,25
train,mslesseg,p06,55,1,35
train,mslesseg,p06,56,1,45
train,mslesseg,p06,59,1,12
train,mslesseg,p06,60,1,21
train,mslesseg,p06,61,1,21
train,mslesseg,p06,62,1,126
train,mslesseg,p06,63,1,147
train,mslesseg,p06,64,1,156
train,mslesseg,p06,65,1,150
train,mslesseg,p06,66,1,153
train,mslesseg,p06,67,1,149
train,mslesseg,p06,68,1,139
train,mslesseg,p06,69,1,139
train,mslesseg,p06,70,1,141
train,mslesseg,p06,71,1,132
train,mslesseg,p06,72,1,143
train,mslesseg,p06,73,1,191
train,mslesseg,p06,74,1,219
train,mslesseg,p06,75,1,220
train,mslesseg,p06,76,1,188
train,mslesseg,p06,77,1,177
train,mslesseg,p06,78,1,161
train,mslesseg,p06,79,1,171
train,mslesseg,p06,80,1,222
train,mslesseg,p06,81,1,212
train,mslesseg,p06,82,1,204
train,mslesseg,p06,83,1,209
train,mslesseg,p06,84,1,224
train,mslesseg,p06,85,1,205
train,mslesseg,p06,86,1,199
train,mslesseg,p06,87,1,217
train,mslesseg,p06,88,1,310
train,mslesseg,p06,89,1,335
train,mslesseg,p06,90,1,280
train,mslesseg,p06,91,1,294
train,mslesseg,p06,92,1,358
train,mslesseg,p06,93,1,353
train,mslesseg,p06,94,1,344
train,mslesseg,p06,95,1,345
train,mslesseg,p06,96,1,328
train,mslesseg,p06,97,1,332
train,mslesseg,p06,98,1,315
train,mslesseg,p06,99,1,264
train,mslesseg,p06,100,1,264
train,mslesseg,p06,101,1,533
train,mslesseg,p06,102,1,565
train,mslesseg,p06,103,1,320
train,mslesseg,p06,104,1,404
train,mslesseg,p06,105,1,334
train,mslesseg,p06,106,1,244
train,mslesseg,p06,107,1,152
train,mslesseg,p06,108,1,147
train,mslesseg,p06,109,1,149
train,mslesseg,p06,110,1,113
train,mslesseg,p06,111,1,103
train,mslesseg,p06,112,1,51
train,mslesseg,p06,113,1,33
train,mslesseg,p06,114,1,22
train,mslesseg,p06,115,1,35
train,mslesseg,p06,116,1,13
train,mslesseg,p06,117,1,13
train,mslesseg,p06,118,1,13
train,mslesseg,p06,119,1,13
train,mslesseg,p06,120,1,13
train,mslesseg,p06,124,1,5
train,mslesseg,p06,125,1,7
train,mslesseg,p06,126,1,7
train,mslesseg,p06,127,1,10
train,mslesseg,p06,128,1,13
train,mslesseg,p06,129,1,11
train,mslesseg,p06,130,1,8
train,mslesseg,p06,131,1,7
train,mslesseg,p06,132,1,2
train,mslesseg,p06,135,0,0
train,mslesseg,p06,137,0,0
train,mslesseg,p06,138,0,0
train,mslesseg,p07,20,0,0
train,mslesseg,p07,21,0,0
train,mslesseg,p07,23,0,0
train,mslesseg,p07,26,0,0
train,mslesseg,p07,28,0,0
train,mslesseg,p07,29,0,0
train,mslesseg,p07,30,0,0
train,mslesseg,p07,32,0,0
train,mslesseg,p07,36,0,0
train,mslesseg,p07,38,1,27
train,mslesseg,p07,39,1,45
train,mslesseg,p07,40,1,53
train,mslesseg,p07,41,1,77
train,mslesseg,p07,42,1,96
train,mslesseg,p07,43,1,81
train,mslesseg,p07,44,1,60
train,mslesseg,p07,45,1,61
train,mslesseg,p07,46,1,68
train,mslesseg,p07,47,1,67
train,mslesseg,p07,48,1,68
train,mslesseg,p07,49,1,69
train,mslesseg,p07,50,1,76
train,mslesseg,p07,51,1,79
train,mslesseg,p07,52,1,124
train,mslesseg,p07,53,1,100
train,mslesseg,p07,54,1,135
train,mslesseg,p07,55,1,102
train,mslesseg,p07,56,1,50
train,mslesseg,p07,57,1,10
train,mslesseg,p07,58,1,240
train,mslesseg,p07,59,1,272
train,mslesseg,p07,60,1,283
train,mslesseg,p07,61,1,146
train,mslesseg,p07,62,1,92
train,mslesseg,p07,63,1,106
train,mslesseg,p07,64,1,60
train,mslesseg,p07,65,1,64
train,mslesseg,p07,66,1,102
train,mslesseg,p07,67,1,119
train,mslesseg,p07,68,1,51
train,mslesseg,p07,69,1,62
train,mslesseg,p07,70,1,71
train,mslesseg,p07,71,1,97
train,mslesseg,p07,72,1,97
train,mslesseg,p07,73,1,145
train,mslesseg,p07,74,1,197
train,mslesseg,p07,75,1,233
train,mslesseg,p07,76,1,301
train,mslesseg,p07,77,1,436
train,mslesseg,p07,78,1,546
train,mslesseg,p07,79,1,583
train,mslesseg,p07,80,1,614
train,mslesseg,p07,81,1,628
train,mslesseg,p07,82,1,887
train,mslesseg,p07,83,1,931
train,mslesseg,p07,84,1,971
train,mslesseg,p07,85,1,897
train,mslesseg,p07,86,1,924
train,mslesseg,p07,87,1,940
train,mslesseg,p07,88,1,916
train,mslesseg,p07,89,1,876
train,mslesseg,p07,90,1,849
train,mslesseg,p07,91,1,861
train,mslesseg,p07,92,1,890
train,mslesseg,p07,93,1,979
train,mslesseg,p07,94,1,990
train,mslesseg,p07,95,1,954
train,mslesseg,p07,96,1,981
train,mslesseg,p07,97,1,920
train,mslesseg,p07,98,1,817
train,mslesseg,p07,99,1,751
train,mslesseg,p07,100,1,717
train,mslesseg,p07,101,1,641
train,mslesseg,p07,102,1,535
train,mslesseg,p07,103,1,453
train,mslesseg,p07,104,1,316
train,mslesseg,p07,105,1,260
train,mslesseg,p07,106,1,189
train,mslesseg,p07,107,1,152
train,mslesseg,p07,108,1,113
train,mslesseg,p07,109,1,80
train,mslesseg,p07,110,1,86
train,mslesseg,p07,111,1,85
train,mslesseg,p07,112,1,60
train,mslesseg,p07,113,1,69
train,mslesseg,p07,114,1,47
train,mslesseg,p07,115,1,47
train,mslesseg,p07,116,1,77
train,mslesseg,p07,117,1,54
train,mslesseg,p07,118,1,93
train,mslesseg,p07,119,1,98
train,mslesseg,p07,120,1,112
train,mslesseg,p07,121,1,75
train,mslesseg,p07,122,1,90
train,mslesseg,p07,123,1,58
train,mslesseg,p07,124,1,63
train,mslesseg,p07,125,1,66
train,mslesseg,p07,126,1,25
train,mslesseg,p07,127,1,2
train,mslesseg,p08,11,0,0
train,mslesseg,p08,12,0,0
train,mslesseg,p08,14,0,0
train,mslesseg,p08,15,0,0
train,mslesseg,p08,25,0,0
train,mslesseg,p08,29,0,0
train,mslesseg,p08,35,0,0
train,mslesseg,p08,37,0,0
train,mslesseg,p08,38,0,0
train,mslesseg,p08,40,0,0
train,mslesseg,p08,41,0,0
train,mslesseg,p08,42,0,0
train,mslesseg,p08,45,0,0
train,mslesseg,p08,48,0,0
train,mslesseg,p08,58,0,0
train,mslesseg,p08,60,0,0
train,mslesseg,p08,65,0,0
train,mslesseg,p08,66,0,0
train,mslesseg,p08,67,0,0
train,mslesseg,p08,73,0,0
train,mslesseg,p08,74,1,13
train,mslesseg,p08,75,1,21
train,mslesseg,p08,76,1,18
train,mslesseg,p08,77,1,8
train,mslesseg,p08,78,1,9
train,mslesseg,p08,79,1,5
train,mslesseg,p08,80,0,0
train,mslesseg,p08,82,1,13
train,mslesseg,p08,83,1,15
train,mslesseg,p08,84,1,16
train,mslesseg,p08,85,1,34
train,mslesseg,p08,86,1,63
train,mslesseg,p08,87,1,33
train,mslesseg,p08,88,1,74
train,mslesseg,p08,89,1,54
train,mslesseg,p08,90,1,69
train,mslesseg,p08,91,1,65
train,mslesseg,p08,92,1,57
train,mslesseg,p08,93,1,36
train,mslesseg,p08,94,1,32
train,mslesseg,p08,95,1,36
train,mslesseg,p08,96,1,64
train,mslesseg,p08,97,1,86
train,mslesseg,p08,98,1,86
train,mslesseg,p08,99,1,74
train,mslesseg,p08,100,1,87
train,mslesseg,p08,101,1,92
train,mslesseg,p08,102,1,121
train,mslesseg,p08,103,1,113
train,mslesseg,p08,104,1,103
train,mslesseg,p08,105,1,96
train,mslesseg,p08,106,1,104
train,mslesseg,p08,107,1,97
train,mslesseg,p08,108,1,66
train,mslesseg,p08,109,1,33
train,mslesseg,p08,110,1,1
train,mslesseg,p08,111,0,0
train,mslesseg,p08,112,0,0
train,mslesseg,p08,113,0,0
train,mslesseg,p08,114,0,0
train,mslesseg,p08,116,1,8
train,mslesseg,p08,117,1,8
train,mslesseg,p08,118,1,8
train,mslesseg,p08,119,1,8
train,mslesseg,p08,120,1,8
train,mslesseg,p08,121,1,8
train,mslesseg,p08,122,1,8
train,mslesseg,p08,123,1,8
train,mslesseg,p08,125,0,0
train,mslesseg,p08,126,0,0
train,mslesseg,p08,134,1,3
train,mslesseg,p08,135,1,10
train,mslesseg,p08,136,1,14
train,mslesseg,p08,137,1,16
train,mslesseg,p09,22,0,0
train,mslesseg,p09,33,0,0
train,mslesseg,p09,34,0,0
train,mslesseg,p09,36,0,0
train,mslesseg,p09,37,0,0
train,mslesseg,p09,43,0,0
train,mslesseg,p09,45,0,0
train,mslesseg,p09,46,0,0
train,mslesseg,p09,48,0,0
train,mslesseg,p09,49,0,0
train,mslesseg,p09,55,0,0
train,mslesseg,p09,59,1,5
train,mslesseg,p09,60,1,10
train,mslesseg,p09,61,1,13
train,mslesseg,p09,62,1,13
train,mslesseg,p09,63,1,3
train,mslesseg,p09,65,1,3
train,mslesseg,p09,66,0,0
train,mslesseg,p09,68,1,6
train,mslesseg,p09,69,1,15
train,mslesseg,p09,70,1,21
train,mslesseg,p09,71,1,26
train,mslesseg,p09,72,1,29
train,mslesseg,p09,73,1,27
train,mslesseg,p09,74,1,27
train,mslesseg,p09,75,1,28
train,mslesseg,p09,76,1,50
train,mslesseg,p09,77,1,86
train,mslesseg,p09,78,1,108
train,mslesseg,p09,79,1,123
train,mslesseg,p09,80,1,151
train,mslesseg,p09,81,1,164
train,mslesseg,p09,82,1,162
train,mslesseg,p09,83,1,167
train,mslesseg,p09,84,1,158
train,mslesseg,p09,85,1,140
train,mslesseg,p09,86,1,116
train,mslesseg,p09,87,1,91
train,mslesseg,p09,88,1,75
train,mslesseg,p09,89,1,73
train,mslesseg,p09,90,1,75
train,mslesseg,p09,91,1,82
train,mslesseg,p09,92,1,81
train,mslesseg,p09,93,1,71
train,mslesseg,p09,94,1,35
train,mslesseg,p09,95,1,59
train,mslesseg,p09,96,1,82
train,mslesseg,p09,97,1,85
train,mslesseg,p09,98,1,65
train,mslesseg,p09,99,1,51
train,mslesseg,p09,100,1,45
train,mslesseg,p09,101,1,38
train,mslesseg,p09,102,1,35
train,mslesseg,p09,103,1,42
train,mslesseg,p09,104,1,59
train,mslesseg,p09,105,1,71
train,mslesseg,p09,106,1,59
train,mslesseg,p09,107,1,63
train,mslesseg,p09,108,1,60
train,mslesseg,p09,109,1,60
train,mslesseg,p09,110,1,52
train,mslesseg,p09,111,1,44
train,mslesseg,p09,112,1,28
train,mslesseg,p09,113,1,13
train,mslesseg,p09,114,1,8
train,mslesseg,p09,115,1,5
train,mslesseg,p09,116,1,7
train,mslesseg,p09,117,1,7
train,mslesseg,p09,118,1,7
train,mslesseg,p09,119,1,7
train,mslesseg,p09,120,1,7
train,mslesseg,p09,121,0,0
train,mslesseg,p09,122,0,0
train,mslesseg,p09,125,0,0
train,mslesseg,p09,136,0,0
train,mslesseg,p09,140,0,0
train,mslesseg,p10,22,0,0
train,mslesseg,p10,28,0,0
train,mslesseg,p10,29,0,0
train,mslesseg,p10,36,0,0
train,mslesseg,p10,37,0,0
train,mslesseg,p10,44,0,0
train,mslesseg,p10,45,1,13
train,mslesseg,p10,46,1,13
train,mslesseg,p10,47,1,13
train,mslesseg,p10,48,1,13
train,mslesseg,p10,54,0,0
train,mslesseg,p10,57,0,0
train,mslesseg,p10,60,0,0
train,mslesseg,p10,63,1,22
train,mslesseg,p10,64,1,20
train,mslesseg,p10,65,1,27
train,mslesseg,p10,66,1,27
train,mslesseg,p10,67,1,21
train,mslesseg,p10,68,1,12
train,mslesseg,p10,69,1,14
train,mslesseg,p10,71,0,0
train,mslesseg,p10,72,0,0
train,mslesseg,p10,74,1,2
train,mslesseg,p10,75,1,6
train,mslesseg,p10,76,1,15
train,mslesseg,p10,77,1,37
train,mslesseg,p10,78,1,31
train,mslesseg,p10,79,1,19
train,mslesseg,p10,80,1,12
train,mslesseg,p10,81,1,46
train,mslesseg,p10,82,1,71
train,mslesseg,p10,83,1,99
train,mslesseg,p10,84,1,114
train,mslesseg,p10,85,1,103
train,mslesseg,p10,86,1,110
train,mslesseg,p10,87,1,99
train,mslesseg,p10,88,1,105
train,mslesseg,p10,89,1,80
train,mslesseg,p10,90,1,95
train,mslesseg,p10,91,1,103
train,mslesseg,p10,92,1,69
train,mslesseg,p10,93,1,37
train,mslesseg,p10,94,1,27
train,mslesseg,p10,95,1,28
train,mslesseg,p10,96,1,46
train,mslesseg,p10,97,1,85
train,mslesseg,p10,98,1,118
train,mslesseg,p10,99,1,134
train,mslesseg,p10,100,1,147
train,mslesseg,p10,101,1,133
train,mslesseg,p10,102,1,129
train,mslesseg,p10,103,1,120
train,mslesseg,p10,104,1,112
train,mslesseg,p10,105,1,55
train,mslesseg,p10,106,1,56
train,mslesseg,p10,107,1,19
train,mslesseg,p10,108,1,59
train,mslesseg,p10,109,1,65
train,mslesseg,p10,110,1,66
train,mslesseg,p10,111,1,52
train,mslesseg,p10,112,1,33
train,mslesseg,p10,113,0,0
train,mslesseg,p10,115,0,0
train,mslesseg,p10,118,0,0
train,mslesseg,p10,120,0,0
train,mslesseg,p10,121,0,0
train,mslesseg,p10,124,1,3
train,mslesseg,p10,125,1,7
train,mslesseg,p10,126,1,9
train,mslesseg,p10,127,1,11
train,mslesseg,p10,128,1,11
train,mslesseg,p10,129,1,11
train,mslesseg,p10,130,1,10
train,mslesseg,p10,131,1,5
train,mslesseg,p10,132,1,2
train,mslesseg,p10,133,0,0
train,mslesseg,p10,134,0,0
train,mslesseg,p10,136,0,0
train,mslesseg,p10,139,0,0
train,mslesseg,p10,140,0,0
train,mslesseg,p10,143,0,0
train,mslesseg,p11,31,0,0
train,mslesseg,p11,35,0,0
train,mslesseg,p11,37,0,0
train,mslesseg,p11,39,0,0
train,mslesseg,p11,44,0,0
train,mslesseg,p11,46,0,0
train,mslesseg,p11,48,1,81
train,mslesseg,p11,49,1,130
train,mslesseg,p11,50,1,78
train,mslesseg,p11,51,1,100
train,mslesseg,p11,52,1,65
train,mslesseg,p11,53,0,0
train,mslesseg,p11,54,0,0
train,mslesseg,p11,55,0,0
train,mslesseg,p11,56,0,0
train,mslesseg,p11,57,0,0
train,mslesseg,p11,61,0,0
train,mslesseg,p11,64,1,10
train,mslesseg,p11,65,1,14
train,mslesseg,p11,66,1,20
train,mslesseg,p11,67,0,0
train,mslesseg,p11,69,1,6
train,mslesseg,p11,70,1,13
train,mslesseg,p11,71,1,16
train,mslesseg,p11,72,1,19
train,mslesseg,p11,73,1,18
train,mslesseg,p11,74,1,12
train,mslesseg,p11,75,1,1
train,mslesseg,p11,78,1,33
train,mslesseg,p11,79,1,33
train,mslesseg,p11,80,1,27
train,mslesseg,p11,81,0,0
train,mslesseg,p11,84,1,1
train,mslesseg,p11,85,1,7
train,mslesseg,p11,86,1,11
train,mslesseg,p11,87,1,17
train,mslesseg,p11,88,1,30
train,mslesseg,p11,89,1,89
train,mslesseg,p11,90,1,94
train,mslesseg,p11,91,1,130
train,mslesseg,p11,92,1,148
train,mslesseg,p11,93,1,173
train,mslesseg,p11,94,1,184
train,mslesseg,p11,95,1,184
train,mslesseg,p11,96,1,208
train,mslesseg,p11,97,1,208
train,mslesseg,p11,98,1,211
train,mslesseg,p11,99,1,215
train,mslesseg,p11,100,1,209
train,mslesseg,p11,101,1,201
train,mslesseg,p11,102,1,194
train,mslesseg,p11,103,1,171
train,mslesseg,p11,104,1,121
train,mslesseg,p11,105,1,50
train,mslesseg,p11,106,1,27
train,mslesseg,p11,107,1,32
train,mslesseg,p11,108,1,29
train,mslesseg,p11,109,1,22
train,mslesseg,p11,110,1,11
train,mslesseg,p11,111,1,3
train,mslesseg,p11,112,1,18
train,mslesseg,p11,113,1,32
train,mslesseg,p11,114,1,43
train,mslesseg,p11,115,1,47
train,mslesseg,p11,116,1,59
train,mslesseg,p11,117,1,67
train,mslesseg,p11,118,1,72
train,mslesseg,p11,119,1,68
train,mslesseg,p11,120,1,66
train,mslesseg,p11,121,1,57
train,mslesseg,p11,122,1,54
train,mslesseg,p11,123,1,48
train,mslesseg,p11,124,1,35
train,mslesseg,p11,125,1,18
train,mslesseg,p11,127,1,1
train,mslesseg,p11,129,0,0
train,mslesseg,p11,130,0,0
train,mslesseg,p11,134,0,0
train,mslesseg,p12,15,0,0
train,mslesseg,p12,18,0,0
train,mslesseg,p12,22,0,0
train,mslesseg,p12,23,0,0
train,mslesseg,p12,26,0,0
train,mslesseg,p12,27,0,0
train,mslesseg,p12,31,0,0
train,mslesseg,p12,36,0,0
train,mslesseg,p12,37,1,4
train,mslesseg,p12,38,1,30
train,mslesseg,p12,39,1,49
train,mslesseg,p12,40,1,20
train,mslesseg,p12,41,1,23
train,mslesseg,p12,42,1,20
train,mslesseg,p12,43,1,17
train,mslesseg,p12,44,1,4
train,mslesseg,p12,45,1,3
train,mslesseg,p12,46,1,2
train,mslesseg,p12,48,1,10
train,mslesseg,p12,49,1,16
train,mslesseg,p12,50,1,41
train,mslesseg,p12,51,1,35
train,mslesseg,p12,52,1,35
train,mslesseg,p12,53,1,35
train,mslesseg,p12,54,1,38
train,mslesseg,p12,55,1,57
train,mslesseg,p12,56,1,72
train,mslesseg,p12,57,1,78
train,mslesseg,p12,58,1,69
train,mslesseg,p12,59,1,185
train,mslesseg,p12,60,1,215
train,mslesseg,p12,61,1,240
train,mslesseg,p12,62,1,284
train,mslesseg,p12,63,1,296
train,mslesseg,p12,64,1,276
train,mslesseg,p12,65,1,291
train,mslesseg,p12,66,1,344
train,mslesseg,p12,67,1,407
train,mslesseg,p12,68,1,435
train,mslesseg,p12,69,1,466
train,mslesseg,p12,70,1,488
train,mslesseg,p12,71,1,501
train,mslesseg,p12,72,1,486
train,mslesseg,p12,73,1,483
train,mslesseg,p12,74,1,497
train,mslesseg,p12,75,1,480
train,mslesseg,p12,76,1,494
train,mslesseg,p12,77,1,503
train,mslesseg,p12,78,1,511
train,mslesseg,p12,79,1,511
train,mslesseg,p12,80,1,486
train,mslesseg,p12,81,1,488
train,mslesseg,p12,82,1,476
train,mslesseg,p12,83,1,429
train,mslesseg,p12,84,1,399
train,mslesseg,p12,85,1,396
train,mslesseg,p12,86,1,399
train,mslesseg,p12,87,1,407
train,mslesseg,p12,88,1,419
train,mslesseg,p12,89,1,438
train,mslesseg,p12,90,1,458
train,mslesseg,p12,91,1,499
train,mslesseg,p12,92,1,510
train,mslesseg,p12,93,1,503
train,mslesseg,p12,94,1,501
train,mslesseg,p12,95,1,481
train,mslesseg,p12,96,1,454
train,mslesseg,p12,97,1,387
train,mslesseg,p12,98,1,434
train,mslesseg,p12,99,1,527
train,mslesseg,p12,100,1,560
train,mslesseg,p12,101,1,652
train,mslesseg,p12,102,1,529
train,mslesseg,p12,103,1,435
train,mslesseg,p12,104,1,470
train,mslesseg,p12,105,1,442
train,mslesseg,p12,106,1,416
train,mslesseg,p12,107,1,466
train,mslesseg,p12,108,1,510
train,mslesseg,p12,109,1,565
train,mslesseg,p12,110,1,529
train,mslesseg,p12,111,1,566
train,mslesseg,p12,112,1,434
train,mslesseg,p12,113,1,456
train,mslesseg,p12,114,1,498
train,mslesseg,p12,115,1,413
train,mslesseg,p12,116,1,451
train,mslesseg,p12,117,1,498
train,mslesseg,p12,118,1,425
train,mslesseg,p12,119,1,349
train,mslesseg,p12,120,1,323
train,mslesseg,p12,121,1,291
train,mslesseg,p12,122,1,196
train,mslesseg,p12,123,1,105
train,mslesseg,p12,124,1,98
train,mslesseg,p12,125,1,83
train,mslesseg,p12,126,1,94
train,mslesseg,p12,127,1,60
train,mslesseg,p12,128,1,56
train,mslesseg,p12,129,1,70
train,mslesseg,p12,130,1,88
train,mslesseg,p12,131,1,77
train,mslesseg,p12,132,1,69
train,mslesseg,p12,133,1,41
train,mslesseg,p12,134,1,51
train,mslesseg,p12,135,1,26
train,mslesseg,p12,136,1,11
train,mslesseg,p12,137,0,0
train,mslesseg,p12,139,0,0
train,mslesseg,p12,141,0,0
train,mslesseg,p12,142,0,0
train,mslesseg,p13,19,0,0
train,mslesseg,p13,20,0,0
train,mslesseg,p13,21,0,0
train,mslesseg,p13,25,0,0
train,mslesseg,p13,30,1,6
train,mslesseg,p13,31,1,17
train,mslesseg,p13,32,1,17
train,mslesseg,p13,33,1,22
train,mslesseg,p13,34,1,25
train,mslesseg,p13,35,1,30
train,mslesseg,p13,36,0,0
train,mslesseg,p13,38,0,0
train,mslesseg,p13,40,0,0
train,mslesseg,p13,50,0,0
train,mslesseg,p13,53,0,0
train,mslesseg,p13,57,0,0
train,mslesseg,p13,64,1,8
train,mslesseg,p13,65,1,17
train,mslesseg,p13,66,1,20
train,mslesseg,p13,67,1,14
train,mslesseg,p13,68,1,36
train,mslesseg,p13,69,1,62
train,mslesseg,p13,70,1,88
train,mslesseg,p13,71,1,127
train,mslesseg,p13,72,1,141
train,mslesseg,p13,73,1,136
train,mslesseg,p13,74,1,146
train,mslesseg,p13,75,1,138
train,mslesseg,p13,76,1,121
train,mslesseg,p13,77,1,106
train,mslesseg,p13,78,1,103
train,mslesseg,p13,79,1,96
train,mslesseg,p13,80,1,51
train,mslesseg,p13,81,1,46
train,mslesseg,p13,82,1,45
train,mslesseg,p13,83,1,51
train,mslesseg,p13,84,1,64
train,mslesseg,p13,85,1,85
train,mslesseg,p13,86,1,113
train,mslesseg,p13,87,1,157
train,mslesseg,p13,88,1,178
train,mslesseg,p13,89,1,225
train,mslesseg,p13,90,1,231
train,mslesseg,p13,91,1,283
train,mslesseg,p13,92,1,351
train,mslesseg,p13,93,1,308
train,mslesseg,p13,94,1,366
train,mslesseg,p13,95,1,366
train,mslesseg,p13,96,1,381
train,mslesseg,p13,97,1,387
train,mslesseg,p13,98,1,399
train,mslesseg,p13,99,1,343
train,mslesseg,p13,100,1,347
train,mslesseg,p13,101,1,340
train,mslesseg,p13,102,1,328
train,mslesseg,p13,103,1,294
train,mslesseg,p13,104,1,268
train,mslesseg,p13,105,1,217
train,mslesseg,p13,106,1,232
train,mslesseg,p13,107,1,153
train,mslesseg,p13,108,1,130
train,mslesseg,p13,109,1,94
train,mslesseg,p13,110,1,86
train,mslesseg,p13,111,1,93
train,mslesseg,p13,112,1,83
train,mslesseg,p13,113,1,87
train,mslesseg,p13,114,1,92
train,mslesseg,p13,115,1,98
train,mslesseg,p13,116,1,112
train,mslesseg,p13,117,1,119
train,mslesseg,p13,118,1,91
train,mslesseg,p13,119,1,55
train,mslesseg,p13,120,1,49
train,mslesseg,p13,121,1,42
train,mslesseg,p13,122,1,36
train,mslesseg,p13,123,1,24
train,mslesseg,p13,124,1,18
train,mslesseg,p13,125,1,12
train,mslesseg,p13,126,1,3
train,mslesseg,p13,129,1,19
train,mslesseg,p13,130,1,44
train,mslesseg,p13,131,1,63
train,mslesseg,p13,132,1,49
train,mslesseg,p13,133,1,53
train,mslesseg,p13,134,1,37
train,mslesseg,p13,135,1,3
train,mslesseg,p13,136,0,0
train,mslesseg,p13,139,0,0
train,mslesseg,p13,141,0,0
train,mslesseg,p13,144,0,0
train,mslesseg,p13,146,0,0
train,mslesseg,p14,22,0,0
train,mslesseg,p14,23,0,0
train,mslesseg,p14,29,0,0
train,mslesseg,p14,30,1,4
train,mslesseg,p14,31,1,8
train,mslesseg,p14,32,1,30
train,mslesseg,p14,33,1,71
train,mslesseg,p14,34,1,92
train,mslesseg,p14,35,1,85
train,mslesseg,p14,36,1,69
train,mslesseg,p14,37,1,56
train,mslesseg,p14,38,1,34
train,mslesseg,p14,39,1,11
train,mslesseg,p14,40,1,2
train,mslesseg,p14,42,0,0
train,mslesseg,p14,43,0,0
train,mslesseg,p14,46,0,0
train,mslesseg,p14,53,0,0
train,mslesseg,p14,60,0,0
train,mslesseg,p14,61,0,0
train,mslesseg,p14,64,1,2
train,mslesseg,p14,65,1,11
train,mslesseg,p14,66,1,29
train,mslesseg,p14,67,1,44
train,mslesseg,p14,68,1,55
train,mslesseg,p14,69,1,56
train,mslesseg,p14,70,1,58
train,mslesseg,p14,71,1,66
train,mslesseg,p14,72,1,94
train,mslesseg,p14,73,1,90
train,mslesseg,p14,74,1,156
train,mslesseg,p14,75,1,240
train,mslesseg,p14,76,1,259
train,mslesseg,p14,77,1,312
train,mslesseg,p14,78,1,305
train,mslesseg,p14,79,1,387
train,mslesseg,p14,80,1,413
train,mslesseg,p14,81,1,396
train,mslesseg,p14,82,1,414
train,mslesseg,p14,83,1,431
train,mslesseg,p14,84,1,477
train,mslesseg,p14,85,1,530
train,mslesseg,p14,86,1,606
train,mslesseg,p14,87,1,663
train,mslesseg,p14,88,1,699
train,mslesseg,p14,89,1,761
train,mslesseg,p14,90,1,817
train,mslesseg,p14,91,1,832
train,mslesseg,p14,92,1,880
train,mslesseg,p14,93,1,990
train,mslesseg,p14,94,1,1052
train,mslesseg,p14,95,1,1103
train,mslesseg,p14,96,1,1129
train,mslesseg,p14,97,1,1199
train,mslesseg,p14,98,1,1200
train,mslesseg,p14,99,1,1131
train,mslesseg,p14,100,1,1038
train,mslesseg,p14,101,1,962
train,mslesseg,p14,102,1,793
train,mslesseg,p14,103,1,610
train,mslesseg,p14,104,1,527
train,mslesseg,p14,105,1,445
train,mslesseg,p14,106,1,348
train,mslesseg,p14,107,1,285
train,mslesseg,p14,108,1,219
train,mslesseg,p14,109,1,154
train,mslesseg,p14,110,1,116
train,mslesseg,p14,111,1,91
train,mslesseg,p14,112,1,83
train,mslesseg,p14,113,1,69
train,mslesseg,p14,114,1,84
train,mslesseg,p14,115,1,76
train,mslesseg,p14,116,1,46
train,mslesseg,p14,117,1,41
train,mslesseg,p14,118,1,40
train,mslesseg,p14,119,1,23
train,mslesseg,p14,120,1,37
train,mslesseg,p14,121,1,37
train,mslesseg,p14,122,1,16
train,mslesseg,p14,123,1,27
train,mslesseg,p14,124,1,36
train,mslesseg,p14,125,1,37
train,mslesseg,p14,126,1,36
train,mslesseg,p14,127,1,40
train,mslesseg,p14,128,1,33
train,mslesseg,p14,129,1,15
train,mslesseg,p14,130,1,11
train,mslesseg,p14,131,1,11
train,mslesseg,p14,132,1,11
train,mslesseg,p14,133,1,11
train,mslesseg,p14,134,1,21
train,mslesseg,p14,135,1,21
train,mslesseg,p14,136,0,0
train,mslesseg,p14,138,0,0
train,mslesseg,p14,139,0,0
train,mslesseg,p14,140,0,0
train,mslesseg,p14,141,0,0
train,mslesseg,p14,143,0,0
train,mslesseg,p15,16,0,0
train,mslesseg,p15,29,0,0
train,mslesseg,p15,30,0,0
train,mslesseg,p15,31,0,0
train,mslesseg,p15,32,0,0
train,mslesseg,p15,33,0,0
train,mslesseg,p15,35,0,0
train,mslesseg,p15,43,0,0
train,mslesseg,p15,49,0,0
train,mslesseg,p15,50,0,0
train,mslesseg,p15,52,0,0
train,mslesseg,p15,54,0,0
train,mslesseg,p15,55,0,0
train,mslesseg,p15,60,0,0
train,mslesseg,p15,63,0,0
train,mslesseg,p15,65,0,0
train,mslesseg,p15,67,1,33
train,mslesseg,p15,68,1,22
train,mslesseg,p15,69,1,43
train,mslesseg,p15,70,1,49
train,mslesseg,p15,71,1,45
train,mslesseg,p15,72,1,64
train,mslesseg,p15,73,1,73
train,mslesseg,p15,74,1,54
train,mslesseg,p15,75,1,10
train,mslesseg,p15,76,1,16
train,mslesseg,p15,77,1,23
train,mslesseg,p15,78,1,22
train,mslesseg,p15,79,1,19
train,mslesseg,p15,80,1,21
train,mslesseg,p15,81,1,27
train,mslesseg,p15,82,1,32
train,mslesseg,p15,83,1,33
train,mslesseg,p15,84,1,36
train,mslesseg,p15,85,1,40
train,mslesseg,p15,86,1,35
train,mslesseg,p15,87,1,32
train,mslesseg,p15,88,1,31
train,mslesseg,p15,89,1,24
train,mslesseg,p15,90,1,21
train,mslesseg,p15,91,1,41
train,mslesseg,p15,92,1,58
train,mslesseg,p15,93,1,75
train,mslesseg,p15,94,1,68
train,mslesseg,p15,95,1,70
train,mslesseg,p15,96,1,78
train,mslesseg,p15,97,1,79
train,mslesseg,p15,98,1,72
train,mslesseg,p15,99,1,64
train,mslesseg,p15,100,1,152
train,mslesseg,p15,101,1,107
train,mslesseg,p15,102,1,52
train,mslesseg,p15,103,1,14
train,mslesseg,p15,105,0,0
train,mslesseg,p15,109,0,0
train,mslesseg,p15,110,0,0
train,mslesseg,p15,111,0,0
train,mslesseg,p15,116,0,0
train,mslesseg,p15,120,0,0
train,mslesseg,p15,121,0,0
train,mslesseg,p15,123,0,0
train,mslesseg,p15,129,0,0
train,mslesseg,p15,131,0,0
train,mslesseg,p15,132,0,0
train,mslesseg,p15,136,0,0
train,mslesseg,p15,137,0,0
train,mslesseg,p15,138,0,0
train,mslesseg,p15,140,0,0
train,mslesseg,p15,142,0,0
train,mslesseg,p15,143,0,0
train,mslesseg,p16,22,0,0
train,mslesseg,p16,24,0,0
train,mslesseg,p16,30,0,0
train,mslesseg,p16,32,0,0
train,mslesseg,p16,35,0,0
train,mslesseg,p16,37,0,0
train,mslesseg,p16,38,0,0
train,mslesseg,p16,43,1,7
train,mslesseg,p16,44,1,13
train,mslesseg,p16,45,1,19
train,mslesseg,p16,46,1,28
train,mslesseg,p16,47,1,38
train,mslesseg,p16,48,1,49
train,mslesseg,p16,49,1,51
train,mslesseg,p16,50,1,52
train,mslesseg,p16,51,1,46
train,mslesseg,p16,52,1,36
train,mslesseg,p16,53,1,27
train,mslesseg,p16,54,1,17
train,mslesseg,p16,55,1,4
train,mslesseg,p16,56,0,0
train,mslesseg,p16,57,0,0
train,mslesseg,p16,61,0,0
train,mslesseg,p16,67,0,0
train,mslesseg,p16,73,1,5
train,mslesseg,p16,74,1,9
train,mslesseg,p16,75,1,9
train,mslesseg,p16,76,1,4
train,mslesseg,p16,79,0,0
train,mslesseg,p16,84,0,0
train,mslesseg,p16,85,0,0
train,mslesseg,p16,89,1,4
train,mslesseg,p16,90,1,18
train,mslesseg,p16,91,1,27
train,mslesseg,p16,92,1,32
train,mslesseg,p16,93,1,27
train,mslesseg,p16,94,1,20
train,mslesseg,p16,95,1,13
train,mslesseg,p16,96,1,24
train,mslesseg,p16,97,1,33
train,mslesseg,p16,98,1,32
train,mslesseg,p16,99,1,31
train,mslesseg,p16,100,1,28
train,mslesseg,p16,101,1,29
train,mslesseg,p16,102,1,25
train,mslesseg,p16,103,1,23
train,mslesseg,p16,104,1,12
train,mslesseg,p16,109,0,0
train,mslesseg,p16,115,0,0
train,mslesseg,p16,116,0,0
train,mslesseg,p16,123,0,0
train,mslesseg,p16,129,0,0
train,mslesseg,p16,130,0,0
train,mslesseg,p16,132,0,0
train,mslesseg,p16,133,0,0
train,mslesseg,p16,134,0,0
train,mslesseg,p16,136,0,0
train,mslesseg,p16,137,0,0
train,mslesseg,p16,141,0,0
train,mslesseg,p17,1,0,0
train,mslesseg,p17,7,0,0
train,mslesseg,p17,12,0,0
train,mslesseg,p17,16,0,0
train,mslesseg,p17,17,0,0
train,mslesseg,p17,21,0,0
train,mslesseg,p17,25,0,0
train,mslesseg,p17,26,0,0
train,mslesseg,p17,28,0,0
train,mslesseg,p17,31,0,0
train,mslesseg,p17,32,0,0
train,mslesseg,p17,37,0,0
train,mslesseg,p17,39,0,0
train,mslesseg,p17,42,0,0
train,mslesseg,p17,44,0,0
train,mslesseg,p17,45,0,0
train,mslesseg,p17,46,0,0
train,mslesseg,p17,47,0,0
train,mslesseg,p17,48,0,0
train,mslesseg,p17,52,0,0
train,mslesseg,p17,61,0,0
train,mslesseg,p17,67,0,0
train,mslesseg,p17,69,0,0
train,mslesseg,p17,73,0,0
train,mslesseg,p17,75,0,0
train,mslesseg,p17,80,0,0
train,mslesseg,p17,89,1,44
train,mslesseg,p17,90,1,55
train,mslesseg,p17,91,1,52
train,mslesseg,p17,92,1,100
train,mslesseg,p17,93,1,94
train,mslesseg,p17,94,1,73
train,mslesseg,p17,95,1,67
train,mslesseg,p17,96,1,41
train,mslesseg,p17,97,1,63
train,mslesseg,p17,98,1,49
train,mslesseg,p17,99,1,86
train,mslesseg,p17,100,1,88
train,mslesseg,p17,101,1,111
train,mslesseg,p17,102,1,55
train,mslesseg,p17,103,1,81
train,mslesseg,p17,104,1,55
train,mslesseg,p17,105,1,49
train,mslesseg,p17,106,1,52
train,mslesseg,p17,107,1,47
train,mslesseg,p17,108,1,25
train,mslesseg,p17,109,1,16
train,mslesseg,p17,110,1,17
train,mslesseg,p17,111,1,16
train,mslesseg,p17,112,1,20
train,mslesseg,p17,115,1,6
train,mslesseg,p17,116,1,13
train,mslesseg,p17,117,1,23
train,mslesseg,p17,118,1,20
train,mslesseg,p17,119,1,21
train,mslesseg,p17,120,1,17
train,mslesseg,p17,121,1,36
train,mslesseg,p17,122,1,38
train,mslesseg,p17,123,1,28
train,mslesseg,p17,124,1,40
train,mslesseg,p17,125,1,38
train,mslesseg,p17,126,1,42
train,mslesseg,p17,127,1,15
train,mslesseg,p17,130,0,0
train,mslesseg,p17,140,0,0
train,mslesseg,p17,141,0,0
train,mslesseg,p17,142,0,0
train,mslesseg,p17,143,0,0
train,mslesseg,p17,151,0,0
train,mslesseg,p18,19,0,0
train,mslesseg,p18,20,0,0
train,mslesseg,p18,22,0,0
train,mslesseg,p18,23,0,0
train,mslesseg,p18,28,0,0
train,mslesseg,p18,29,0,0
train,mslesseg,p18,34,1,65
train,mslesseg,p18,35,1,71
train,mslesseg,p18,36,1,65
train,mslesseg,p18,37,1,48
train,mslesseg,p18,38,1,58
train,mslesseg,p18,39,1,37
train,mslesseg,p18,40,1,37
train,mslesseg,p18,41,1,9
train,mslesseg,p18,42,1,12
train,mslesseg,p18,43,1,25
train,mslesseg,p18,44,1,35
train,mslesseg,p18,45,1,24
train,mslesseg,p18,46,1,34
train,mslesseg,p18,47,1,37
train,mslesseg,p18,51,0,0
train,mslesseg,p18,56,0,0
train,mslesseg,p18,66,0,0
train,mslesseg,p18,67,0,0
train,mslesseg,p18,75,0,0
train,mslesseg,p18,77,0,0
train,mslesseg,p18,80,0,0
train,mslesseg,p18,85,1,6
train,mslesseg,p18,86,1,16
train,mslesseg,p18,87,1,16
train,mslesseg,p18,88,1,14
train,mslesseg,p18,89,1,13
train,mslesseg,p18,90,1,12
train,mslesseg,p18,91,1,10
train,mslesseg,p18,92,1,2
train,mslesseg,p18,96,0,0
train,mslesseg,p18,97,1,12
train,mslesseg,p18,98,1,12
train,mslesseg,p18,99,1,25
train,mslesseg,p18,100,1,25
train,mslesseg,p18,101,1,25
train,mslesseg,p18,102,1,25
train,mslesseg,p18,107,0,0
train,mslesseg,p18,111,0,0
train,mslesseg,p18,112,0,0
train,mslesseg,p18,113,0,0
train,mslesseg,p18,114,0,0
train,mslesseg,p18,121,0,0
train,mslesseg,p18,124,0,0
train,mslesseg,p18,127,0,0
train,mslesseg,p18,130,0,0
train,mslesseg,p18,133,0,0
train,mslesseg,p18,134,0,0
train,mslesseg,p18,135,0,0
train,mslesseg,p18,137,0,0
train,mslesseg,p19,23,0,0
train,mslesseg,p19,26,1,12
train,mslesseg,p19,27,1,22
train,mslesseg,p19,28,1,34
train,mslesseg,p19,29,1,49
train,mslesseg,p19,30,1,48
train,mslesseg,p19,31,1,56
train,mslesseg,p19,32,1,51
train,mslesseg,p19,33,1,29
train,mslesseg,p19,34,1,58
train,mslesseg,p19,35,1,62
train,mslesseg,p19,36,1,72
train,mslesseg,p19,37,1,83
train,mslesseg,p19,38,1,44
train,mslesseg,p19,39,1,29
train,mslesseg,p19,40,1,28
train,mslesseg,p19,41,1,28
train,mslesseg,p19,42,1,38
train,mslesseg,p19,43,1,35
train,mslesseg,p19,44,1,16
train,mslesseg,p19,45,1,25
train,mslesseg,p19,46,1,10
train,mslesseg,p19,47,1,10
train,mslesseg,p19,48,1,9
train,mslesseg,p19,50,1,8
train,mslesseg,p19,51,1,17
train,mslesseg,p19,52,1,27
train,mslesseg,p19,53,1,28
train,mslesseg,p19,54,1,28
train,mslesseg,p19,55,1,25
train,mslesseg,p19,56,1,21
train,mslesseg,p19,57,1,19
train,mslesseg,p19,58,1,24
train,mslesseg,p19,59,1,30
train,mslesseg,p19,60,1,36
train,mslesseg,p19,61,1,38
train,mslesseg,p19,62,1,39
train,mslesseg,p19,63,1,40
train,mslesseg,p19,64,1,34
train,mslesseg,p19,65,1,26
train,mslesseg,p19,66,1,44
train,mslesseg,p19,67,1,54
train,mslesseg,p19,68,1,56
train,mslesseg,p19,69,1,80
train,mslesseg,p19,70,1,70
train,mslesseg,p19,71,1,69
train,mslesseg,p19,72,1,56
train,mslesseg,p19,73,1,92
train,mslesseg,p19,74,1,101
train,mslesseg,p19,75,1,127
train,mslesseg,p19,76,1,95
train,mslesseg,p19,77,1,102
train,mslesseg,p19,78,1,103
train,mslesseg,p19,79,1,135
train,mslesseg,p19,80,1,144
train,mslesseg,p19,81,1,198
train,mslesseg,p19,82,1,259
train,mslesseg,p19,83,1,332
train,mslesseg,p19,84,1,453
train,mslesseg,p19,85,1,480
train,mslesseg,p19,86,1,517
train,mslesseg,p19,87,1,477
train,mslesseg,p19,88,1,410
train,mslesseg,p19,89,1,350
train,mslesseg,p19,90,1,252
train,mslesseg,p19,91,1,271
train,mslesseg,p19,92,1,269
train,mslesseg,p19,93,1,251
train,mslesseg,p19,94,1,568
train,mslesseg,p19,95,1,725
train,mslesseg,p19,96,1,709
train,mslesseg,p19,97,1,716
train,mslesseg,p19,98,1,877
train,mslesseg,p19,99,1,875
train,mslesseg,p19,100,1,795
train,mslesseg,p19,101,1,634
train,mslesseg,p19,102,1,781
train,mslesseg,p19,103,1,585
train,mslesseg,p19,104,1,577
train,mslesseg,p19,105,1,566
train,mslesseg,p19,106,1,480
train,mslesseg,p19,107,1,403
train,mslesseg,p19,108,1,338
train,mslesseg,p19,109,1,324
train,mslesseg,p19,110,1,229
train,mslesseg,p19,111,1,243
train,mslesseg,p19,112,1,215
train,mslesseg,p19,113,1,111
train,mslesseg,p19,114,1,104
train,mslesseg,p19,115,1,88
train,mslesseg,p19,116,1,88
train,mslesseg,p19,117,1,70
train,mslesseg,p19,118,1,50
train,mslesseg,p19,120,0,0
train,mslesseg,p19,121,0,0
train,mslesseg,p19,122,1,9
train,mslesseg,p19,123,1,18
train,mslesseg,p19,124,1,26
train,mslesseg,p19,125,1,41
train,mslesseg,p19,126,1,48
train,mslesseg,p19,127,1,48
train,mslesseg,p19,128,1,46
train,mslesseg,p19,129,1,33
train,mslesseg,p19,130,1,21
train,mslesseg,p19,131,1,9
train,mslesseg,p19,132,1,4
train,mslesseg,p19,133,0,0
train,mslesseg,p19,137,0,0
train,mslesseg,p19,139,0,0
train,mslesseg,p20,41,0,0
train,mslesseg,p20,44,0,0
train,mslesseg,p20,45,0,0
train,mslesseg,p20,47,0,0
train,mslesseg,p20,48,0,0
train,mslesseg,p20,51,1,6
train,mslesseg,p20,52,1,15
train,mslesseg,p20,53,1,19
train,mslesseg,p20,54,1,25
train,mslesseg,p20,55,1,22
train,mslesseg,p20,56,1,21
train,mslesseg,p20,57,1,21
train,mslesseg,p20,58,1,11
train,mslesseg,p20,59,1,1
train,mslesseg,p20,60,0,0
train,mslesseg,p20,63,0,0
train,mslesseg,p20,66,0,0
train,mslesseg,p20,69,0,0
train,mslesseg,p20,72,0,0
train,mslesseg,p20,73,1,1
train,mslesseg,p20,74,1,11
train,mslesseg,p20,75,1,19
train,mslesseg,p20,76,1,37
train,mslesseg,p20,77,1,44
train,mslesseg,p20,78,1,45
train,mslesseg,p20,79,1,36
train,mslesseg,p20,80,1,49
train,mslesseg,p20,81,1,64
train,mslesseg,p20,82,1,58
train,mslesseg,p20,83,1,40
train,mslesseg,p20,84,1,23
train,mslesseg,p20,85,1,15
train,mslesseg,p20,86,1,11
train,mslesseg,p20,87,1,9
train,mslesseg,p20,88,1,30
train,mslesseg,p20,89,1,31
train,mslesseg,p20,90,1,27
train,mslesseg,p20,91,1,9
train,mslesseg,p20,92,1,2
train,mslesseg,p20,94,0,0
train,mslesseg,p20,103,0,0
train,mslesseg,p20,111,0,0
train,mslesseg,p20,112,1,8
train,mslesseg,p20,113,1,10
train,mslesseg,p20,114,1,10
train,mslesseg,p20,115,1,14
train,mslesseg,p20,117,0,0
train,mslesseg,p20,119,0,0
train,mslesseg,p20,121,0,0
train,mslesseg,p20,123,0,0
train,mslesseg,p20,126,0,0
train,mslesseg,p20,131,0,0
train,mslesseg,p20,132,0,0
train,mslesseg,p20,140,0,0
train,mslesseg,p20,142,0,0
train,mslesseg,p21,19,0,0
train,mslesseg,p21,21,0,0
train,mslesseg,p21,24,0,0
train,mslesseg,p21,29,0,0
train,mslesseg,p21,30,1,9
train,mslesseg,p21,31,1,9
train,mslesseg,p21,32,1,9
train,mslesseg,p21,33,1,9
train,mslesseg,p21,34,0,0
train,mslesseg,p21,38,0,0
train,mslesseg,p21,40,0,0
train,mslesseg,p21,45,0,0
train,mslesseg,p21,48,0,0
train,mslesseg,p21,49,0,0
train,mslesseg,p21,51,0,0
train,mslesseg,p21,53,0,0
train,mslesseg,p21,54,0,0
train,mslesseg,p21,57,0,0
train,mslesseg,p21,64,0,0
train,mslesseg,p21,65,0,0
train,mslesseg,p21,66,0,0
train,mslesseg,p21,67,0,0
train,mslesseg,p21,68,0,0
train,mslesseg,p21,69,0,0
train,mslesseg,p21,72,1,11
train,mslesseg,p21,73,1,17
train,mslesseg,p21,74,1,18
train,mslesseg,p21,75,1,9
train,mslesseg,p21,76,1,14
train,mslesseg,p21,77,1,34
train,mslesseg,p21,78,1,148
train,mslesseg,p21,79,1,151
train,mslesseg,p21,80,1,210
train,mslesseg,p21,81,1,240
train,mslesseg,p21,82,1,281
train,mslesseg,p21,83,1,313
train,mslesseg,p21,84,1,335
train,mslesseg,p21,85,1,286
train,mslesseg,p21,86,1,319
train,mslesseg,p21,87,1,322
train,mslesseg,p21,88,1,327
train,mslesseg,p21,89,1,313
train,mslesseg,p21,90,1,273
train,mslesseg,p21,91,1,222
train,mslesseg,p21,92,1,189
train,mslesseg,p21,93,1,134
train,mslesseg,p21,94,1,81
train,mslesseg,p21,95,1,59
train,mslesseg,p21,96,1,62
train,mslesseg,p21,97,1,49
train,mslesseg,p21,98,1,25
train,mslesseg,p21,99,1,11
train,mslesseg,p21,101,0,0
train,mslesseg,p21,103,0,0
train,mslesseg,p21,105,0,0
train,mslesseg,p21,109,0,0
train,mslesseg,p21,112,0,0
train,mslesseg,p21,114,0,0
train,mslesseg,p21,119,0,0
train,mslesseg,p21,122,1,2
train,mslesseg,p21,123,1,6
train,mslesseg,p21,124,1,9
train,mslesseg,p21,125,1,14
train,mslesseg,p21,126,1,23
train,mslesseg,p21,127,1,31
train,mslesseg,p21,128,1,36
train,mslesseg,p21,129,1,30
train,mslesseg,p21,130,1,21
train,mslesseg,p21,131,1,12
train,mslesseg,p21,132,1,6
train,mslesseg,p21,134,0,0
train,mslesseg,p21,135,0,0
train,mslesseg,p21,138,0,0
train,mslesseg,p22,19,0,0
train,mslesseg,p22,28,0,0
train,mslesseg,p22,31,0,0
train,mslesseg,p22,32,1,11
train,mslesseg,p22,33,1,11
train,mslesseg,p22,34,1,11
train,mslesseg,p22,35,0,0
train,mslesseg,p22,39,0,0
train,mslesseg,p22,41,0,0
train,mslesseg,p22,43,0,0
train,mslesseg,p22,50,0,0
train,mslesseg,p22,55,0,0
train,mslesseg,p22,63,0,0
train,mslesseg,p22,65,0,0
train,mslesseg,p22,66,1,3
train,mslesseg,p22,67,1,63
train,mslesseg,p22,68,1,77
train,mslesseg,p22,69,1,32
train,mslesseg,p22,70,1,16
train,mslesseg,p22,71,1,12
train,mslesseg,p22,72,1,25
train,mslesseg,p22,73,1,66
train,mslesseg,p22,74,1,83
train,mslesseg,p22,75,1,112
train,mslesseg,p22,76,1,97
train,mslesseg,p22,77,1,105
train,mslesseg,p22,78,1,93
train,mslesseg,p22,79,1,98
train,mslesseg,p22,80,1,95
train,mslesseg,p22,81,1,115
train,mslesseg,p22,82,1,127
train,mslesseg,p22,83,1,161
train,mslesseg,p22,84,1,159
train,mslesseg,p22,85,1,164
train,mslesseg,p22,86,1,147
train,mslesseg,p22,87,1,150
train,mslesseg,p22,88,1,84
train,mslesseg,p22,89,1,80
train,mslesseg,p22,90,1,73
train,mslesseg,p22,91,1,37
train,mslesseg,p22,92,1,22
train,mslesseg,p22,93,1,40
train,mslesseg,p22,94,1,20
train,mslesseg,p22,95,1,20
train,mslesseg,p22,96,1,20
train,mslesseg,p22,97,1,39
train,mslesseg,p22,98,1,50
train,mslesseg,p22,99,1,38
train,mslesseg,p22,100,1,41
train,mslesseg,p22,101,1,48
train,mslesseg,p22,102,1,59
train,mslesseg,p22,103,1,69
train,mslesseg,p22,104,1,60
train,mslesseg,p22,105,1,56
train,mslesseg,p22,106,1,57
train,mslesseg,p22,107,1,25
train,mslesseg,p22,108,1,33
train,mslesseg,p22,109,1,19
train,mslesseg,p22,111,0,0
train,mslesseg,p22,113,0,0
train,mslesseg,p22,116,0,0
train,mslesseg,p22,117,1,12
train,mslesseg,p22,118,1,12
train,mslesseg,p22,119,1,12
train,mslesseg,p22,120,1,12
train,mslesseg,p22,121,1,12
train,mslesseg,p22,122,1,12
train,mslesseg,p22,123,1,11
train,mslesseg,p22,124,1,13
train,mslesseg,p22,127,0,0
train,mslesseg,p22,129,0,0
train,mslesseg,p22,132,0,0
train,mslesseg,p22,138,0,0
train,mslesseg,p22,139,0,0
train,mslesseg,p22,140,0,0
train,mslesseg,p23,20,0,0
train,mslesseg,p23,26,1,11
train,mslesseg,p23,27,1,17
train,mslesseg,p23,28,1,17
train,mslesseg,p23,29,1,18
train,mslesseg,p23,30,1,10
train,mslesseg,p23,31,1,25
train,mslesseg,p23,32,1,41
train,mslesseg,p23,33,1,48
train,mslesseg,p23,34,1,45
train,mslesseg,p23,35,1,35
train,mslesseg,p23,36,1,26
train,mslesseg,p23,40,1,62
train,mslesseg,p23,41,1,49
train,mslesseg,p23,42,1,58
train,mslesseg,p23,43,1,66
train,mslesseg,p23,44,1,96
train,mslesseg,p23,45,1,16
train,mslesseg,p23,46,1,17
train,mslesseg,p23,47,1,23
train,mslesseg,p23,48,1,23
train,mslesseg,p23,49,1,16
train,mslesseg,p23,50,1,32
train,mslesseg,p23,52,1,13
train,mslesseg,p23,53,1,18
train,mslesseg,p23,54,1,13
train,mslesseg,p23,55,1,46
train,mslesseg,p23,56,1,47
train,mslesseg,p23,57,1,62
train,mslesseg,p23,58,1,74
train,mslesseg,p23,59,1,55
train,mslesseg,p23,60,1,83
train,mslesseg,p23,61,1,49
train,mslesseg,p23,62,1,64
train,mslesseg,p23,63,1,79
train,mslesseg,p23,64,1,80
train,mslesseg,p23,65,1,132
train,mslesseg,p23,66,1,245
train,mslesseg,p23,67,1,228
train,mslesseg,p23,68,1,233
train,mslesseg,p23,69,1,213
train,mslesseg,p23,70,1,169
train,mslesseg,p23,71,1,131
train,mslesseg,p23,72,1,161
train,mslesseg,p23,73,1,164
train,mslesseg,p23,74,1,177
train,mslesseg,p23,75,1,182
train,mslesseg,p23,76,1,168
train,mslesseg,p23,77,1,143
train,mslesseg,p23,78,1,140
train,mslesseg,p23,79,1,135
train,mslesseg,p23,80,1,143
train,mslesseg,p23,81,1,177
train,mslesseg,p23,82,1,253
train,mslesseg,p23,83,1,334
train,mslesseg,p23,84,1,356
train,mslesseg,p23,85,1,424
train,mslesseg,p23,86,1,474
train,mslesseg,p23,87,1,415
train,mslesseg,p23,88,1,372
train,mslesseg,p23,89,1,337
train,mslesseg,p23,90,1,263
train,mslesseg,p23,91,1,189
train,mslesseg,p23,92,1,182
train,mslesseg,p23,93,1,153
train,mslesseg,p23,94,1,175
train,mslesseg,p23,95,1,264
train,mslesseg,p23,96,1,323
train,mslesseg,p23,97,1,291
train,mslesseg,p23,98,1,485
train,mslesseg,p23,99,1,494
train,mslesseg,p23,100,1,233
train,mslesseg,p23,101,1,225
train,mslesseg,p23,102,1,238
train,mslesseg,p23,103,1,186
train,mslesseg,p23,104,1,220
train,mslesseg,p23,105,1,200
train,mslesseg,p23,106,1,182
train,mslesseg,p23,107,1,188
train,mslesseg,p23,108,1,152
train,mslesseg,p23,109,1,131
train,mslesseg,p23,110,1,93
train,mslesseg,p23,111,1,82
train,mslesseg,p23,112,1,79
train,mslesseg,p23,113,1,87
train,mslesseg,p23,114,1,62
train,mslesseg,p23,115,1,62
train,mslesseg,p23,116,1,62
train,mslesseg,p23,117,1,45
train,mslesseg,p23,118,1,17
train,mslesseg,p23,119,1,29
train,mslesseg,p23,120,1,18
train,mslesseg,p23,121,1,18
train,mslesseg,p23,122,1,15
train,mslesseg,p23,123,1,9
train,mslesseg,p23,137,0,0
train,mslesseg,p23,138,0,0
train,mslesseg,p24,16,0,0
train,mslesseg,p24,19,0,0
train,mslesseg,p24,24,0,0
train,mslesseg,p24,28,0,0
train,mslesseg,p24,31,0,0
train,mslesseg,p24,37,0,0
train,mslesseg,p24,40,0,0
train,mslesseg,p24,46,0,0
train,mslesseg,p24,49,0,0
train,mslesseg,p24,50,0,0
train,mslesseg,p24,55,1,13
train,mslesseg,p24,56,1,43
train,mslesseg,p24,57,1,65
train,mslesseg,p24,58,1,43
train,mslesseg,p24,59,1,41
train,mslesseg,p24,60,1,31
train,mslesseg,p24,62,0,0
train,mslesseg,p24,65,1,21
train,mslesseg,p24,66,1,21
train,mslesseg,p24,67,1,21
train,mslesseg,p24,68,1,21
train,mslesseg,p24,69,1,10
train,mslesseg,p24,72,1,22
train,mslesseg,p24,73,1,58
train,mslesseg,p24,74,1,55
train,mslesseg,p24,75,1,49
train,mslesseg,p24,76,1,54
train,mslesseg,p24,77,1,28
train,mslesseg,p24,78,1,32
train,mslesseg,p24,79,1,87
train,mslesseg,p24,80,1,140
train,mslesseg,p24,81,1,148
train,mslesseg,p24,82,1,111
train,mslesseg,p24,83,1,108
train,mslesseg,p24,84,1,135
train,mslesseg,p24,85,1,132
train,mslesseg,p24,86,1,130
train,mslesseg,p24,87,1,158
train,mslesseg,p24,88,1,168
train,mslesseg,p24,89,1,156
train,mslesseg,p24,90,1,125
train,mslesseg,p24,91,1,35
train,mslesseg,p24,92,1,56
train,mslesseg,p24,93,1,218
train,mslesseg,p24,94,1,276
train,mslesseg,p24,95,1,276
train,mslesseg,p24,96,1,278
train,mslesseg,p24,97,1,254
train,mslesseg,p24,98,1,334
train,mslesseg,p24,99,1,295
train,mslesseg,p24,100,1,185
train,mslesseg,p24,101,1,158
train,mslesseg,p24,102,1,164
train,mslesseg,p24,103,1,203
train,mslesseg,p24,104,1,111
train,mslesseg,p24,105,1,127
train,mslesseg,p24,106,1,87
train,mslesseg,p24,107,1,125
train,mslesseg,p24,108,1,118
train,mslesseg,p24,109,1,119
train,mslesseg,p24,110,1,124
train,mslesseg,p24,111,1,130
train,mslesseg,p24,112,1,127
train,mslesseg,p24,113,1,114
train,mslesseg,p24,114,1,90
train,mslesseg,p24,115,1,160
train,mslesseg,p24,116,1,114
train,mslesseg,p24,117,1,102
train,mslesseg,p24,118,1,105
train,mslesseg,p24,119,1,117
train,mslesseg,p24,120,1,97
train,mslesseg,p24,121,1,89
train,mslesseg,p24,122,1,118
train,mslesseg,p24,123,1,86
train,mslesseg,p24,124,1,77
train,mslesseg,p24,125,1,72
train,mslesseg,p24,126,1,109
train,mslesseg,p24,127,1,116
train,mslesseg,p24,128,1,124
train,mslesseg,p24,129,1,96
train,mslesseg,p24,130,1,94
train,mslesseg,p24,131,1,28
train,mslesseg,p24,132,1,14
train,mslesseg,p24,133,1,12
train,mslesseg,p24,134,1,14
train,mslesseg,p24,135,1,22
train,mslesseg,p24,136,1,31
train,mslesseg,p24,137,1,36
train,mslesseg,p25,11,0,0
train,mslesseg,p25,16,0,0
train,mslesseg,p25,18,0,0
train,mslesseg,p25,21,0,0
train,mslesseg,p25,22,0,0
train,mslesseg,p25,23,0,0
train,mslesseg,p25,27,0,0
train,mslesseg,p25,28,0,0
train,mslesseg,p25,29,0,0
train,mslesseg,p25,30,0,0
train,mslesseg,p25,32,0,0
train,mslesseg,p25,35,0,0
train,mslesseg,p25,37,0,0
train,mslesseg,p25,47,0,0
train,mslesseg,p25,48,0,0
train,mslesseg,p25,49,0,0
train,mslesseg,p25,52,0,0
train,mslesseg,p25,57,0,0
train,mslesseg,p25,58,1,23
train,mslesseg,p25,59,1,51
train,mslesseg,p25,60,1,46
train,mslesseg,p25,61,1,35
train,mslesseg,p25,62,1,51
train,mslesseg,p25,63,1,38
train,mslesseg,p25,64,1,26
train,mslesseg,p25,65,1,79
train,mslesseg,p25,66,1,62
train,mslesseg,p25,67,1,29
train,mslesseg,p25,68,1,42
train,mslesseg,p25,69,1,44
train,mslesseg,p25,70,1,39
train,mslesseg,p25,71,1,49
train,mslesseg,p25,72,1,46
train,mslesseg,p25,73,1,54
train,mslesseg,p25,74,1,57
train,mslesseg,p25,75,1,60
train,mslesseg,p25,76,1,54
train,mslesseg,p25,77,1,39
train,mslesseg,p25,78,1,11
train,mslesseg,p25,79,1,15
train,mslesseg,p25,80,1,19
train,mslesseg,p25,81,1,25
train,mslesseg,p25,82,1,28
train,mslesseg,p25,83,1,43
train,mslesseg,p25,84,1,57
train,mslesseg,p25,85,1,60
train,mslesseg,p25,86,1,46
train,mslesseg,p25,87,1,35
train,mslesseg,p25,88,1,22
train,mslesseg,p25,89,1,28
train,mslesseg,p25,90,1,40
train,mslesseg,p25,91,1,61
train,mslesseg,p25,92,1,27
train,mslesseg,p25,93,1,33
train,mslesseg,p25,94,1,34
train,mslesseg,p25,95,1,39
train,mslesseg,p25,96,1,40
train,mslesseg,p25,97,1,41
train,mslesseg,p25,98,1,41
train,mslesseg,p25,99,1,40
train,mslesseg,p25,100,1,31
train,mslesseg,p25,101,1,25
train,mslesseg,p25,102,1,35
train,mslesseg,p25,103,1,34
train,mslesseg,p25,104,1,46
train,mslesseg,p25,105,1,44
train,mslesseg,p25,106,1,55
train,mslesseg,p25,107,1,63
train,mslesseg,p25,108,1,68
train,mslesseg,p25,109,1,69
train,mslesseg,p25,110,1,68
train,mslesseg,p25,111,1,70
train,mslesseg,p25,112,1,74
train,mslesseg,p25,113,1,74
train,mslesseg,p25,115,0,0
train,mslesseg,p25,119,0,0
train,mslesseg,p25,126,0,0
train,mslesseg,p25,141,0,0
train,mslesseg,p25,144,0,0
train,mslesseg,p25,145,0,0
train,mslesseg,p25,148,0,0
train,mslesseg,p26,32,0,0
train,mslesseg,p26,35,0,0
train,mslesseg,p26,39,1,10
train,mslesseg,p26,40,1,8
train,mslesseg,p26,41,1,15
train,mslesseg,p26,42,1,15
train,mslesseg,p26,43,1,8
train,mslesseg,p26,44,1,13
train,mslesseg,p26,45,0,0
train,mslesseg,p26,46,0,0
train,mslesseg,p26,47,0,0
train,mslesseg,p26,49,0,0
train,mslesseg,p26,52,0,0
train,mslesseg,p26,53,0,0
train,mslesseg,p26,55,0,0
train,mslesseg,p26,56,0,0
train,mslesseg,p26,57,1,18
train,mslesseg,p26,58,1,14
train,mslesseg,p26,59,1,12
train,mslesseg,p26,60,1,8
train,mslesseg,p26,61,1,20
train,mslesseg,p26,62,1,38
train,mslesseg,p26,63,1,54
train,mslesseg,p26,64,1,78
train,mslesseg,p26,65,1,75
train,mslesseg,p26,66,1,69
train,mslesseg,p26,67,1,103
train,mslesseg,p26,68,1,95
train,mslesseg,p26,69,1,101
train,mslesseg,p26,70,1,100
train,mslesseg,p26,71,1,74
train,mslesseg,p26,72,1,83
train,mslesseg,p26,73,1,86
train,mslesseg,p26,74,1,99
train,mslesseg,p26,75,1,59
train,mslesseg,p26,76,1,39
train,mslesseg,p26,77,1,58
train,mslesseg,p26,78,1,84
train,mslesseg,p26,79,1,71
train,mslesseg,p26,80,1,103
train,mslesseg,p26,81,1,81
train,mslesseg,p26,82,1,62
train,mslesseg,p26,83,1,52
train,mslesseg,p26,84,1,40
train,mslesseg,p26,85,1,23
train,mslesseg,p26,86,1,54
train,mslesseg,p26,87,1,65
train,mslesseg,p26,88,1,70
train,mslesseg,p26,89,1,101
train,mslesseg,p26,90,1,116
train,mslesseg,p26,91,1,139
train,mslesseg,p26,92,1,177
train,mslesseg,p26,93,1,159
train,mslesseg,p26,94,1,160
train,mslesseg,p26,95,1,175
train,mslesseg,p26,96,1,192
train,mslesseg,p26,97,1,209
train,mslesseg,p26,98,1,220
train,mslesseg,p26,99,1,210
train,mslesseg,p26,100,1,164
train,mslesseg,p26,101,1,197
train,mslesseg,p26,102,1,172
train,mslesseg,p26,103,1,139
train,mslesseg,p26,104,1,136
train,mslesseg,p26,105,1,96
train,mslesseg,p26,106,1,65
train,mslesseg,p26,107,1,43
train,mslesseg,p26,108,1,74
train,mslesseg,p26,109,1,82
train,mslesseg,p26,110,1,87
train,mslesseg,p26,111,1,62
train,mslesseg,p26,112,1,71
train,mslesseg,p26,113,1,78
train,mslesseg,p26,114,1,69
train,mslesseg,p26,115,1,82
train,mslesseg,p26,116,1,82
train,mslesseg,p26,117,1,99
train,mslesseg,p26,118,1,82
train,mslesseg,p26,119,1,87
train,mslesseg,p26,120,1,82
train,mslesseg,p26,121,1,76
train,mslesseg,p26,122,1,57
train,mslesseg,p26,123,1,54
train,mslesseg,p26,124,1,87
train,mslesseg,p26,125,1,42
train,mslesseg,p26,126,1,34
train,mslesseg,p26,127,1,45
train,mslesseg,p26,128,1,58
train,mslesseg,p26,129,1,51
train,mslesseg,p26,130,1,46
train,mslesseg,p26,131,1,27
train,mslesseg,p26,132,1,43
train,mslesseg,p26,135,1,3
train,mslesseg,p26,136,1,7
train,mslesseg,p26,137,1,6
train,mslesseg,p26,138,1,8
train,mslesseg,p26,139,1,11
train,mslesseg,p26,140,1,14
train,mslesseg,p26,141,1,6
train,mslesseg,p26,142,0,0
train,mslesseg,p27,20,0,0
train,mslesseg,p27,21,0,0
train,mslesseg,p27,24,0,0
train,mslesseg,p27,25,0,0
train,mslesseg,p27,26,0,0
train,mslesseg,p27,33,1,38
train,mslesseg,p27,34,1,38
train,mslesseg,p27,35,1,57
train,mslesseg,p27,36,1,57
train,mslesseg,p27,37,1,25
train,mslesseg,p27,38,1,17
train,mslesseg,p27,39,1,5
train,mslesseg,p27,41,0,0
train,mslesseg,p27,48,0,0
train,mslesseg,p27,51,0,0
train,mslesseg,p27,52,1,9
train,mslesseg,p27,53,1,12
train,mslesseg,p27,54,1,12
train,mslesseg,p27,55,1,17
train,mslesseg,p27,56,1,18
train,mslesseg,p27,63,0,0
train,mslesseg,p27,65,0,0
train,mslesseg,p27,66,0,0
train,mslesseg,p27,67,1,17
train,mslesseg,p27,68,1,22
train,mslesseg,p27,69,1,25
train,mslesseg,p27,70,1,43
train,mslesseg,p27,71,1,37
train,mslesseg,p27,72,1,36
train,mslesseg,p27,73,1,35
train,mslesseg,p27,74,1,38
train,mslesseg,p27,75,1,25
train,mslesseg,p27,76,1,35
train,mslesseg,p27,77,1,6
train,mslesseg,p27,78,1,16
train,mslesseg,p27,79,1,20
train,mslesseg,p27,80,1,23
train,mslesseg,p27,81,1,22
train,mslesseg,p27,82,1,36
train,mslesseg,p27,83,1,23
train,mslesseg,p27,84,1,21
train,mslesseg,p27,85,1,22
train,mslesseg,p27,86,1,32
train,mslesseg,p27,87,1,14
train,mslesseg,p27,88,1,32
train,mslesseg,p27,89,1,31
train,mslesseg,p27,90,1,29
train,mslesseg,p27,91,1,18
train,mslesseg,p27,92,1,12
train,mslesseg,p27,94,0,0
train,mslesseg,p27,98,1,22
train,mslesseg,p27,99,1,55
train,mslesseg,p27,100,1,77
train,mslesseg,p27,101,1,66
train,mslesseg,p27,102,1,29
train,mslesseg,p27,103,1,22
train,mslesseg,p27,110,0,0
train,mslesseg,p27,111,0,0
train,mslesseg,p27,112,1,24
train,mslesseg,p27,113,1,15
train,mslesseg,p27,114,1,17
train,mslesseg,p27,115,1,12
train,mslesseg,p27,116,1,57
train,mslesseg,p27,117,1,48
train,mslesseg,p27,118,1,47
train,mslesseg,p27,119,1,43
train,mslesseg,p27,120,1,15
train,mslesseg,p27,123,0,0
train,mslesseg,p27,125,0,0
train,mslesseg,p27,126,1,7
train,mslesseg,p27,127,1,16
train,mslesseg,p27,128,1,12
train,mslesseg,p27,129,1,13
train,mslesseg,p27,130,1,21
train,mslesseg,p27,135,0,0
train,mslesseg,p27,137,0,0
train,mslesseg,p27,138,0,0
train,mslesseg,p28,7,0,0
train,mslesseg,p28,8,0,0
train,mslesseg,p28,12,0,0
train,mslesseg,p28,13,0,0
train,mslesseg,p28,20,0,0
train,mslesseg,p28,29,0,0
train,mslesseg,p28,38,0,0
train,mslesseg,p28,39,1,20
train,mslesseg,p28,40,1,16
train,mslesseg,p28,41,1,12
train,mslesseg,p28,42,1,13
train,mslesseg,p28,43,1,16
train,mslesseg,p28,44,1,12
train,mslesseg,p28,45,1,17
train,mslesseg,p28,47,0,0
train,mslesseg,p28,51,1,21
train,mslesseg,p28,52,1,32
train,mslesseg,p28,53,1,41
train,mslesseg,p28,54,1,27
train,mslesseg,p28,55,1,26
train,mslesseg,p28,56,1,21
train,mslesseg,p28,57,0,0
train,mslesseg,p28,58,0,0
train,mslesseg,p28,59,0,0
train,mslesseg,p28,62,0,0
train,mslesseg,p28,65,1,11
train,mslesseg,p28,66,1,35
train,mslesseg,p28,67,1,30
train,mslesseg,p28,68,1,30
train,mslesseg,p28,69,1,21
train,mslesseg,p28,70,1,23
train,mslesseg,p28,71,1,10
train,mslesseg,p28,72,1,12
train,mslesseg,p28,73,1,14
train,mslesseg,p28,81,0,0
train,mslesseg,p28,89,0,0
train,mslesseg,p28,97,1,6
train,mslesseg,p28,98,1,14
train,mslesseg,p28,99,1,8
train,mslesseg,p28,100,1,11
train,mslesseg,p28,101,1,12
train,mslesseg,p28,102,1,37
train,mslesseg,p28,103,1,36
train,mslesseg,p28,104,1,36
train,mslesseg,p28,105,1,34
train,mslesseg,p28,106,1,45
train,mslesseg,p28,107,1,19
train,mslesseg,p28,108,1,17
train,mslesseg,p28,109,1,22
train,mslesseg,p28,110,1,8
train,mslesseg,p28,111,1,19
train,mslesseg,p28,112,1,14
train,mslesseg,p28,113,1,24
train,mslesseg,p28,115,0,0
train,mslesseg,p28,116,0,0
train,mslesseg,p28,121,0,0
train,mslesseg,p28,122,0,0
train,mslesseg,p28,124,0,0
train,mslesseg,p28,129,0,0
train,mslesseg,p28,132,0,0
train,mslesseg,p28,138,0,0
train,mslesseg,p28,140,0,0
train,mslesseg,p28,143,0,0
train,mslesseg,p28,144,0,0
train,mslesseg,p28,146,0,0
train,mslesseg,p28,148,0,0
train,mslesseg,p29,2,0,0
train,mslesseg,p29,3,0,0
train,mslesseg,p29,4,0,0
train,mslesseg,p29,7,0,0
train,mslesseg,p29,12,0,0
train,mslesseg,p29,18,0,0
train,mslesseg,p29,20,0,0
train,mslesseg,p29,21,0,0
train,mslesseg,p29,26,0,0
train,mslesseg,p29,31,0,0
train,mslesseg,p29,33,0,0
train,mslesseg,p29,41,0,0
train,mslesseg,p29,59,0,0
train,mslesseg,p29,63,1,8
train,mslesseg,p29,64,1,9
train,mslesseg,p29,65,1,40
train,mslesseg,p29,66,1,28
train,mslesseg,p29,67,1,39
train,mslesseg,p29,68,1,35
train,mslesseg,p29,69,1,35
train,mslesseg,p29,70,1,25
train,mslesseg,p29,71,1,25
train,mslesseg,p29,72,1,25
train,mslesseg,p29,73,1,11
train,mslesseg,p29,75,0,0
train,mslesseg,p29,78,0,0
train,mslesseg,p29,81,0,0
train,mslesseg,p29,85,1,23
train,mslesseg,p29,86,1,29
train,mslesseg,p29,87,1,26
train,mslesseg,p29,88,1,41
train,mslesseg,p29,89,1,36
train,mslesseg,p29,90,1,33
train,mslesseg,p29,91,1,19
train,mslesseg,p29,92,1,72
train,mslesseg,p29,93,1,56
train,mslesseg,p29,94,1,88
train,mslesseg,p29,95,1,67
train,mslesseg,p29,96,1,69
train,mslesseg,p29,97,1,65
train,mslesseg,p29,98,1,20
train,mslesseg,p29,99,1,15
train,mslesseg,p29,100,1,14
train,mslesseg,p29,101,1,11
train,mslesseg,p29,102,1,9
train,mslesseg,p29,103,1,7
train,mslesseg,p29,104,1,4
train,mslesseg,p29,105,1,6
train,mslesseg,p29,106,1,11
train,mslesseg,p29,107,1,40
train,mslesseg,p29,108,1,28
train,mslesseg,p29,109,1,40
train,mslesseg,p29,110,1,43
train,mslesseg,p29,111,1,44
train,mslesseg,p29,112,1,41
train,mslesseg,p29,113,1,39
train,mslesseg,p29,114,1,29
train,mslesseg,p29,115,1,43
train,mslesseg,p29,116,1,35
train,mslesseg,p29,117,1,40
train,mslesseg,p29,118,1,28
train,mslesseg,p29,119,1,41
train,mslesseg,p29,120,1,21
train,mslesseg,p29,121,1,17
train,mslesseg,p29,122,1,2
train,mslesseg,p29,123,1,17
train,mslesseg,p29,124,1,17
train,mslesseg,p29,125,1,23
train,mslesseg,p29,126,1,24
train,mslesseg,p29,127,1,23
train,mslesseg,p29,128,1,9
train,mslesseg,p29,129,1,8
train,mslesseg,p29,130,1,6
train,mslesseg,p29,131,1,7
train,mslesseg,p29,132,1,9
train,mslesseg,p29,133,1,9
train,mslesseg,p29,134,1,9
train,mslesseg,p29,135,1,8
train,mslesseg,p29,136,1,7
train,mslesseg,p29,138,0,0
train,mslesseg,p29,140,1,5
train,mslesseg,p29,141,1,5
train,mslesseg,p29,142,1,6
train,mslesseg,p29,143,1,8
train,mslesseg,p29,144,0,0
train,mslesseg,p29,145,0,0
train,mslesseg,p30,15,0,0
train,mslesseg,p30,18,0,0
train,mslesseg,p30,19,0,0
train,mslesseg,p30,22,0,0
train,mslesseg,p30,25,0,0
train,mslesseg,p30,31,0,0
train,mslesseg,p30,35,0,0
train,mslesseg,p30,40,0,0
train,mslesseg,p30,45,0,0
train,mslesseg,p30,48,0,0
train,mslesseg,p30,51,0,0
train,mslesseg,p30,56,0,0
train,mslesseg,p30,59,0,0
train,mslesseg,p30,60,0,0
train,mslesseg,p30,61,0,0
train,mslesseg,p30,65,0,0
train,mslesseg,p30,69,0,0
train,mslesseg,p30,70,0,0
train,mslesseg,p30,72,0,0
train,mslesseg,p30,74,0,0
train,mslesseg,p30,75,0,0
train,mslesseg,p30,76,1,23
train,mslesseg,p30,77,1,29
train,mslesseg,p30,78,1,25
train,mslesseg,p30,79,1,30
train,mslesseg,p30,80,1,24
train,mslesseg,p30,81,1,23
train,mslesseg,p30,82,1,16
train,mslesseg,p30,83,1,8
train,mslesseg,p30,84,1,14
train,mslesseg,p30,85,0,0
train,mslesseg,p30,90,0,0
train,mslesseg,p30,91,1,14
train,mslesseg,p30,95,0,0
train,mslesseg,p30,96,0,0
train,mslesseg,p30,98,1,23
train,mslesseg,p30,99,1,34
train,mslesseg,p30,100,1,62
train,mslesseg,p30,101,1,98
train,mslesseg,p30,102,1,94
train,mslesseg,p30,103,1,122
train,mslesseg,p30,104,1,132
train,mslesseg,p30,105,1,166
train,mslesseg,p30,106,1,157
train,mslesseg,p30,107,1,147
train,mslesseg,p30,108,1,123
train,mslesseg,p30,109,1,113
train,mslesseg,p30,110,1,90
train,mslesseg,p30,111,1,75
train,mslesseg,p30,112,1,116
train,mslesseg,p30,113,1,97
train,mslesseg,p30,114,1,78
train,mslesseg,p30,115,1,64
train,mslesseg,p30,116,1,43
train,mslesseg,p30,117,1,26
train,mslesseg,p30,118,1,27
train,mslesseg,p30,119,1,20
train,mslesseg,p30,120,0,0
train,mslesseg,p30,127,0,0
train,mslesseg,p30,128,0,0
train,mslesseg,p30,130,0,0
train,mslesseg,p30,133,0,0
train,mslesseg,p30,134,0,0
train,mslesseg,p30,135,0,0
train,mslesseg,p30,137,0,0
train,mslesseg,p31,21,0,0
train,mslesseg,p31,27,0,0
train,mslesseg,p31,28,0,0
train,mslesseg,p31,29,0,0
train,mslesseg,p31,30,0,0
train,mslesseg,p31,33,0,0
train,mslesseg,p31,38,0,0
train,mslesseg,p31,41,0,0
train,mslesseg,p31,42,1,12
train,mslesseg,p31,43,1,17
train,mslesseg,p31,44,1,14
train,mslesseg,p31,45,0,0
train,mslesseg,p31,46,1,40
train,mslesseg,p31,47,1,35
train,mslesseg,p31,48,1,46
train,mslesseg,p31,49,1,73
train,mslesseg,p31,50,1,70
train,mslesseg,p31,54,1,10
train,mslesseg,p31,57,0,0
train,mslesseg,p31,61,0,0
train,mslesseg,p31,63,1,8
train,mslesseg,p31,64,1,13
train,mslesseg,p31,65,1,19
train,mslesseg,p31,66,1,61
train,mslesseg,p31,67,1,77
train,mslesseg,p31,68,1,54
train,mslesseg,p31,69,1,79
train,mslesseg,p31,70,1,63
train,mslesseg,p31,71,1,74
train,mslesseg,p31,72,1,47
train,mslesseg,p31,73,1,34
train,mslesseg,p31,74,1,29
train,mslesseg,p31,75,1,28
train,mslesseg,p31,76,1,36
train,mslesseg,p31,77,1,117
train,mslesseg,p31,78,1,113
train,mslesseg,p31,79,1,123
train,mslesseg,p31,80,1,113
train,mslesseg,p31,81,1,160
train,mslesseg,p31,82,1,56
train,mslesseg,p31,83,1,58
train,mslesseg,p31,84,1,72
train,mslesseg,p31,85,1,58
train,mslesseg,p31,86,1,85
train,mslesseg,p31,87,1,57
train,mslesseg,p31,88,1,61
train,mslesseg,p31,89,1,79
train,mslesseg,p31,90,1,110
train,mslesseg,p31,91,1,95
train,mslesseg,p31,92,1,82
train,mslesseg,p31,93,1,92
train,mslesseg,p31,94,1,48
train,mslesseg,p31,95,1,39
train,mslesseg,p31,96,1,29
train,mslesseg,p31,97,1,21
train,mslesseg,p31,98,1,95
train,mslesseg,p31,99,1,111
train,mslesseg,p31,100,1,91
train,mslesseg,p31,101,1,84
train,mslesseg,p31,102,1,150
train,mslesseg,p31,103,1,175
train,mslesseg,p31,104,1,168
train,mslesseg,p31,105,1,146
train,mslesseg,p31,106,1,168
train,mslesseg,p31,107,1,103
train,mslesseg,p31,108,1,89
train,mslesseg,p31,109,1,64
train,mslesseg,p31,110,1,54
train,mslesseg,p31,111,1,42
train,mslesseg,p31,112,1,33
train,mslesseg,p31,113,1,14
train,mslesseg,p31,114,1,14
train,mslesseg,p31,118,0,0
train,mslesseg,p31,127,1,17
train,mslesseg,p31,128,1,14
train,mslesseg,p31,129,1,16
train,mslesseg,p31,133,0,0
train,mslesseg,p31,134,1,8
train,mslesseg,p31,135,1,8
train,mslesseg,p31,136,1,12
train,mslesseg,p31,137,1,10
train,mslesseg,p31,138,0,0
train,mslesseg,p32,26,0,0
train,mslesseg,p32,30,0,0
train,mslesseg,p32,31,0,0
train,mslesseg,p32,32,0,0
train,mslesseg,p32,33,0,0
train,mslesseg,p32,35,0,0
train,mslesseg,p32,38,0,0
train,mslesseg,p32,39,0,0
train,mslesseg,p32,43,0,0
train,mslesseg,p32,45,0,0
train,mslesseg,p32,59,0,0
train,mslesseg,p32,62,1,20
train,mslesseg,p32,63,1,30
train,mslesseg,p32,64,1,30
train,mslesseg,p32,65,1,49
train,mslesseg,p32,66,1,37
train,mslesseg,p32,67,1,55
train,mslesseg,p32,68,1,47
train,mslesseg,p32,69,1,73
train,mslesseg,p32,70,1,31
train,mslesseg,p32,71,1,22
train,mslesseg,p32,72,1,26
train,mslesseg,p32,73,0,0
train,mslesseg,p32,75,0,0
train,mslesseg,p32,76,0,0
train,mslesseg,p32,77,1,93
train,mslesseg,p32,78,1,52
train,mslesseg,p32,79,1,92
train,mslesseg,p32,80,1,101
train,mslesseg,p32,81,1,128
train,mslesseg,p32,82,1,45
train,mslesseg,p32,83,1,48
train,mslesseg,p32,84,1,13
train,mslesseg,p32,85,1,14
train,mslesseg,p32,86,1,22
train,mslesseg,p32,87,1,26
train,mslesseg,p32,88,1,80
train,mslesseg,p32,89,1,85
train,mslesseg,p32,90,1,101
train,mslesseg,p32,91,1,97
train,mslesseg,p32,92,1,242
train,mslesseg,p32,93,1,156
train,mslesseg,p32,94,1,185
train,mslesseg,p32,95,1,175
train,mslesseg,p32,96,1,116
train,mslesseg,p32,97,1,50
train,mslesseg,p32,98,0,0
train,mslesseg,p32,101,1,21
train,mslesseg,p32,102,1,31
train,mslesseg,p32,103,1,26
train,mslesseg,p32,104,1,33
train,mslesseg,p32,105,1,9
train,mslesseg,p32,106,1,11
train,mslesseg,p32,112,0,0
train,mslesseg,p32,114,0,0
train,mslesseg,p32,124,1,2
train,mslesseg,p32,126,0,0
train,mslesseg,p32,129,0,0
train,mslesseg,p32,134,0,0
train,mslesseg,p32,136,0,0
train,mslesseg,p32,137,0,0
train,mslesseg,p32,138,0,0
train,mslesseg,p32,142,0,0
train,mslesseg,p33,24,0,0
train,mslesseg,p33,30,0,0
train,mslesseg,p33,32,0,0
train,mslesseg,p33,37,0,0
train,mslesseg,p33,38,0,0
train,mslesseg,p33,39,0,0
train,mslesseg,p33,40,1,6
train,mslesseg,p33,41,1,6
train,mslesseg,p33,42,1,5
train,mslesseg,p33,43,1,7
train,mslesseg,p33,45,0,0
train,mslesseg,p33,46,0,0
train,mslesseg,p33,52,0,0
train,mslesseg,p33,56,1,12
train,mslesseg,p33,57,0,0
train,mslesseg,p33,60,0,0
train,mslesseg,p33,62,1,22
train,mslesseg,p33,63,1,48
train,mslesseg,p33,64,1,31
train,mslesseg,p33,65,1,43
train,mslesseg,p33,66,1,19
train,mslesseg,p33,70,1,9
train,mslesseg,p33,71,1,8
train,mslesseg,p33,72,1,28
train,mslesseg,p33,73,1,26
train,mslesseg,p33,74,1,24
train,mslesseg,p33,75,1,40
train,mslesseg,p33,76,1,38
train,mslesseg,p33,77,1,44
train,mslesseg,p33,78,1,50
train,mslesseg,p33,79,1,40
train,mslesseg,p33,80,1,56
train,mslesseg,p33,81,1,46
train,mslesseg,p33,82,1,53
train,mslesseg,p33,83,1,86
train,mslesseg,p33,84,1,75
train,mslesseg,p33,85,1,87
train,mslesseg,p33,86,1,105
train,mslesseg,p33,87,1,140
train,mslesseg,p33,88,1,173
train,mslesseg,p33,89,1,175
train,mslesseg,p33,90,1,299
train,mslesseg,p33,91,1,368
train,mslesseg,p33,92,1,344
train,mslesseg,p33,93,1,462
train,mslesseg,p33,94,1,472
train,mslesseg,p33,95,1,439
train,mslesseg,p33,96,1,572
train,mslesseg,p33,97,1,697
train,mslesseg,p33,98,1,652
train,mslesseg,p33,99,1,627
train,mslesseg,p33,100,1,612
train,mslesseg,p33,101,1,664
train,mslesseg,p33,102,1,415
train,mslesseg,p33,103,1,298
train,mslesseg,p33,104,1,283
train,mslesseg,p33,105,1,243
train,mslesseg,p33,106,1,92
train,mslesseg,p33,107,1,53
train,mslesseg,p33,108,1,20
train,mslesseg,p33,109,1,26
train,mslesseg,p33,110,1,74
train,mslesseg,p33,111,1,78
train,mslesseg,p33,112,1,86
train,mslesseg,p33,113,1,79
train,mslesseg,p33,114,1,92
train,mslesseg,p33,115,1,95
train,mslesseg,p33,116,1,157
train,mslesseg,p33,117,1,130
train,mslesseg,p33,118,1,195
train,mslesseg,p33,119,1,129
train,mslesseg,p33,120,1,54
train,mslesseg,p33,121,1,44
train,mslesseg,p33,122,1,26
train,mslesseg,p33,123,1,11
train,mslesseg,p33,124,1,71
train,mslesseg,p33,125,1,33
train,mslesseg,p33,126,1,3
train,mslesseg,p33,127,1,1
train,mslesseg,p33,129,1,2
train,mslesseg,p33,130,1,10
train,mslesseg,p33,131,1,13
train,mslesseg,p33,132,1,14
train,mslesseg,p33,133,1,18
train,mslesseg,p33,134,1,15
train,mslesseg,p33,135,1,11
train,mslesseg,p33,136,1,14
train,mslesseg,p33,137,1,15
train,mslesseg,p33,138,1,9
train,mslesseg,p34,23,0,0
train,mslesseg,p34,26,0,0
train,mslesseg,p34,28,0,0
train,mslesseg,p34,29,0,0
train,mslesseg,p34,33,0,0
train,mslesseg,p34,34,0,0
train,mslesseg,p34,36,1,41
train,mslesseg,p34,37,0,0
train,mslesseg,p34,39,0,0
train,mslesseg,p34,41,0,0
train,mslesseg,p34,42,0,0
train,mslesseg,p34,43,0,0
train,mslesseg,p34,48,0,0
train,mslesseg,p34,52,0,0
train,mslesseg,p34,54,0,0
train,mslesseg,p34,56,0,0
train,mslesseg,p34,60,0,0
train,mslesseg,p34,66,1,25
train,mslesseg,p34,67,1,37
train,mslesseg,p34,68,1,56
train,mslesseg,p34,69,1,59
train,mslesseg,p34,70,1,67
train,mslesseg,p34,71,1,68
train,mslesseg,p34,72,1,79
train,mslesseg,p34,73,1,72
train,mslesseg,p34,74,1,58
train,mslesseg,p34,75,1,49
train,mslesseg,p34,76,1,62
train,mslesseg,p34,77,1,63
train,mslesseg,p34,78,1,60
train,mslesseg,p34,79,1,75
train,mslesseg,p34,80,1,92
train,mslesseg,p34,81,1,84
train,mslesseg,p34,82,1,99
train,mslesseg,p34,83,1,103
train,mslesseg,p34,84,1,104
train,mslesseg,p34,85,1,86
train,mslesseg,p34,86,1,95
train,mslesseg,p34,87,1,50
train,mslesseg,p34,88,1,47
train,mslesseg,p34,89,1,50
train,mslesseg,p34,90,1,35
train,mslesseg,p34,91,1,27
train,mslesseg,p34,92,1,27
train,mslesseg,p34,93,1,40
train,mslesseg,p34,94,1,78
train,mslesseg,p34,95,1,78
train,mslesseg,p34,96,1,89
train,mslesseg,p34,97,1,114
train,mslesseg,p34,98,1,150
train,mslesseg,p34,99,1,190
train,mslesseg,p34,100,1,200
train,mslesseg,p34,101,1,104
train,mslesseg,p34,102,1,64
train,mslesseg,p34,103,1,44
train,mslesseg,p34,104,1,54
train,mslesseg,p34,105,1,54
train,mslesseg,p34,106,1,33
train,mslesseg,p34,107,1,24
train,mslesseg,p34,108,1,35
train,mslesseg,p34,109,1,12
train,mslesseg,p34,110,0,0
train,mslesseg,p34,111,0,0
train,mslesseg,p34,112,1,7
train,mslesseg,p34,113,1,3
train,mslesseg,p34,114,1,46
train,mslesseg,p34,115,1,41
train,mslesseg,p34,116,1,21
train,mslesseg,p34,117,1,28
train,mslesseg,p34,118,1,23
train,mslesseg,p34,119,1,22
train,mslesseg,p34,120,1,24
train,mslesseg,p34,121,1,16
train,mslesseg,p34,122,1,13
train,mslesseg,p34,123,1,6
train,mslesseg,p34,124,1,2
train,mslesseg,p34,125,1,1
train,mslesseg,p34,129,0,0
train,mslesseg,p34,130,0,0
train,mslesseg,p34,131,0,0
train,mslesseg,p35,23,0,0
train,mslesseg,p35,28,0,0
train,mslesseg,p35,29,0,0
train,mslesseg,p35,30,0,0
train,mslesseg,p35,35,0,0
train,mslesseg,p35,36,0,0
train,mslesseg,p35,38,1,5
train,mslesseg,p35,39,1,9
train,mslesseg,p35,40,1,9
train,mslesseg,p35,41,1,18
train,mslesseg,p35,42,1,29
train,mslesseg,p35,43,1,41
train,mslesseg,p35,44,1,45
train,mslesseg,p35,45,1,33
train,mslesseg,p35,46,1,19
train,mslesseg,p35,47,1,7
train,mslesseg,p35,48,1,8
train,mslesseg,p35,49,1,5
train,mslesseg,p35,50,1,14
train,mslesseg,p35,51,1,20
train,mslesseg,p35,52,1,12
train,mslesseg,p35,53,1,39
train,mslesseg,p35,54,1,41
train,mslesseg,p35,55,1,49
train,mslesseg,p35,56,1,53
train,mslesseg,p35,57,1,67
train,mslesseg,p35,58,1,57
train,mslesseg,p35,59,1,67
train,mslesseg,p35,60,1,67
train,mslesseg,p35,61,1,91
train,mslesseg,p35,62,1,64
train,mslesseg,p35,63,1,27
train,mslesseg,p35,64,1,47
train,mslesseg,p35,65,1,65
train,mslesseg,p35,66,1,55
train,mslesseg,p35,67,1,88
train,mslesseg,p35,68,1,124
train,mslesseg,p35,69,1,152
train,mslesseg,p35,70,1,131
train,mslesseg,p35,71,1,100
train,mslesseg,p35,72,1,67
train,mslesseg,p35,73,1,98
train,mslesseg,p35,74,1,147
train,mslesseg,p35,75,1,196
train,mslesseg,p35,76,1,253
train,mslesseg,p35,77,1,274
train,mslesseg,p35,78,1,251
train,mslesseg,p35,79,1,208
train,mslesseg,p35,80,1,166
train,mslesseg,p35,81,1,95
train,mslesseg,p35,82,1,58
train,mslesseg,p35,83,1,61
train,mslesseg,p35,84,1,62
train,mslesseg,p35,85,1,92
train,mslesseg,p35,86,1,111
train,mslesseg,p35,87,1,134
train,mslesseg,p35,88,1,196
train,mslesseg,p35,89,1,199
train,mslesseg,p35,90,1,184
train,mslesseg,p35,91,1,201
train,mslesseg,p35,92,1,255
train,mslesseg,p35,93,1,238
train,mslesseg,p35,94,1,244
train,mslesseg,p35,95,1,246
train,mslesseg,p35,96,1,300
train,mslesseg,p35,97,1,274
train,mslesseg,p35,98,1,343
train,mslesseg,p35,99,1,360
train,mslesseg,p35,100,1,345
train,mslesseg,p35,101,1,324
train,mslesseg,p35,102,1,314
train,mslesseg,p35,103,1,325
train,mslesseg,p35,104,1,268
train,mslesseg,p35,105,1,231
train,mslesseg,p35,106,1,223
train,mslesseg,p35,107,1,303
train,mslesseg,p35,108,1,204
train,mslesseg,p35,109,1,157
train,mslesseg,p35,110,1,140
train,mslesseg,p35,111,1,85
train,mslesseg,p35,112,1,99
train,mslesseg,p35,113,1,55
train,mslesseg,p35,114,1,52
train,mslesseg,p35,115,1,38
train,mslesseg,p35,116,1,52
train,mslesseg,p35,117,1,70
train,mslesseg,p35,118,1,50
train,mslesseg,p35,119,1,62
train,mslesseg,p35,120,1,75
train,mslesseg,p35,121,1,83
train,mslesseg,p35,122,1,68
train,mslesseg,p35,123,1,59
train,mslesseg,p35,124,1,19
train,mslesseg,p35,125,1,30
train,mslesseg,p35,126,1,52
train,mslesseg,p35,127,1,52
train,mslesseg,p35,128,1,84
train,mslesseg,p35,129,1,106
train,mslesseg,p35,130,1,125
train,mslesseg,p35,131,1,134
train,mslesseg,p35,132,1,87
train,mslesseg,p35,133,1,85
train,mslesseg,p35,134,1,91
train,mslesseg,p35,135,1,82
train,mslesseg,p35,136,1,77
train,mslesseg,p35,137,1,52
train,mslesseg,p35,138,1,45
train,mslesseg,p35,139,1,39
train,mslesseg,p35,140,1,28
train,mslesseg,p35,141,1,9
train,mslesseg,p35,142,1,9
train,mslesseg,p36,16,0,0
train,mslesseg,p36,17,0,0
train,mslesseg,p36,21,0,0
train,mslesseg,p36,22,1,17
train,mslesseg,p36,23,1,12
train,mslesseg,p36,24,1,15
train,mslesseg,p36,25,1,24
train,mslesseg,p36,26,1,42
train,mslesseg,p36,27,1,23
train,mslesseg,p36,28,1,23
train,mslesseg,p36,29,1,38
train,mslesseg,p36,30,1,39
train,mslesseg,p36,31,1,44
train,mslesseg,p36,32,1,45
train,mslesseg,p36,33,1,40
train,mslesseg,p36,34,1,29
train,mslesseg,p36,35,1,22
train,mslesseg,p36,36,1,42
train,mslesseg,p36,37,1,50
train,mslesseg,p36,38,1,52
train,mslesseg,p36,39,1,57
train,mslesseg,p36,40,1,73
train,mslesseg,p36,41,1,87
train,mslesseg,p36,42,1,90
train,mslesseg,p36,43,1,47
train,mslesseg,p36,44,1,38
train,mslesseg,p36,45,1,9
train,mslesseg,p36,46,1,11
train,mslesseg,p36,47,1,22
train,mslesseg,p36,48,1,25
train,mslesseg,p36,49,1,20
train,mslesseg,p36,50,1,19
train,mslesseg,p36,51,1,9
train,mslesseg,p36,53,0,0
train,mslesseg,p36,56,1,16
train,mslesseg,p36,57,1,13
train,mslesseg,p36,58,1,41
train,mslesseg,p36,59,1,75
train,mslesseg,p36,60,1,108
train,mslesseg,p36,61,1,109
train,mslesseg,p36,62,1,76
train,mslesseg,p36,63,1,95
train,mslesseg,p36,64,1,33
train,mslesseg,p36,65,1,35
train,mslesseg,p36,66,1,58
train,mslesseg,p36,67,1,71
train,mslesseg,p36,68,1,95
train,mslesseg,p36,69,1,125
train,mslesseg,p36,70,1,129
train,mslesseg,p36,71,1,107
train,mslesseg,p36,72,1,92
train,mslesseg,p36,73,1,94
train,mslesseg,p36,74,1,92
train,mslesseg,p36,75,1,87
train,mslesseg,p36,76,1,88
train,mslesseg,p36,77,1,67
train,mslesseg,p36,78,1,112
train,mslesseg,p36,79,1,198
train,mslesseg,p36,80,1,201
train,mslesseg,p36,81,1,227
train,mslesseg,p36,82,1,255
train,mslesseg,p36,83,1,335
train,mslesseg,p36,84,1,299
train,mslesseg,p36,85,1,232
train,mslesseg,p36,86,1,210
train,mslesseg,p36,87,1,173
train,mslesseg,p36,88,1,81
train,mslesseg,p36,89,1,86
train,mslesseg,p36,90,1,165
train,mslesseg,p36,91,1,215
train,mslesseg,p36,92,1,261
train,mslesseg,p36,93,1,337
train,mslesseg,p36,94,1,336
train,mslesseg,p36,95,1,305
train,mslesseg,p36,96,1,273
train,mslesseg,p36,97,1,296
train,mslesseg,p36,98,1,262
train,mslesseg,p36,99,1,231
train,mslesseg,p36,100,1,252
train,mslesseg,p36,101,1,264
train,mslesseg,p36,102,1,218
train,mslesseg,p36,103,1,280
train,mslesseg,p36,104,1,266
train,mslesseg,p36,105,1,273
train,mslesseg,p36,106,1,154
train,mslesseg,p36,107,1,163
train,mslesseg,p36,108,1,123
train,mslesseg,p36,109,1,125
train,mslesseg,p36,110,1,109
train,mslesseg,p36,111,1,86
train,mslesseg,p36,112,1,69
train,mslesseg,p36,113,1,77
train,mslesseg,p36,114,1,38
train,mslesseg,p36,115,1,34
train,mslesseg,p36,116,1,61
train,mslesseg,p36,117,1,80
train,mslesseg,p36,118,1,74
train,mslesseg,p36,119,1,62
train,mslesseg,p36,120,1,63
train,mslesseg,p36,121,1,26
train,mslesseg,p36,122,1,25
train,mslesseg,p36,123,1,14
train,mslesseg,p36,128,0,0
train,mslesseg,p36,129,0,0
train,mslesseg,p36,133,0,0
train,mslesseg,p36,135,0,0
train,mslesseg,p36,143,0,0
train,mslesseg,p37,29,0,0
train,mslesseg,p37,30,0,0
train,mslesseg,p37,34,1,13
train,mslesseg,p37,35,1,24
train,mslesseg,p37,36,1,30
train,mslesseg,p37,37,1,34
train,mslesseg,p37,38,1,22
train,mslesseg,p37,39,1,22
train,mslesseg,p37,42,0,0
train,mslesseg,p37,46,0,0
train,mslesseg,p37,51,0,0
train,mslesseg,p37,58,0,0
train,mslesseg,p37,60,0,0
train,mslesseg,p37,65,1,11
train,mslesseg,p37,66,1,11
train,mslesseg,p37,67,1,15
train,mslesseg,p37,68,1,18
train,mslesseg,p37,69,1,11
train,mslesseg,p37,70,1,8
train,mslesseg,p37,71,1,2
train,mslesseg,p37,73,1,37
train,mslesseg,p37,74,1,49
train,mslesseg,p37,75,1,46
train,mslesseg,p37,76,1,59
train,mslesseg,p37,77,1,59
train,mslesseg,p37,78,1,86
train,mslesseg,p37,79,1,99
train,mslesseg,p37,80,1,46
train,mslesseg,p37,81,1,51
train,mslesseg,p37,82,1,57
train,mslesseg,p37,83,1,40
train,mslesseg,p37,84,1,34
train,mslesseg,p37,85,1,37
train,mslesseg,p37,86,1,36
train,mslesseg,p37,87,1,39
train,mslesseg,p37,88,1,17
train,mslesseg,p37,89,1,21
train,mslesseg,p37,90,0,0
train,mslesseg,p37,91,1,18
train,mslesseg,p37,92,1,34
train,mslesseg,p37,93,1,59
train,mslesseg,p37,94,1,63
train,mslesseg,p37,95,1,67
train,mslesseg,p37,96,1,56
train,mslesseg,p37,97,1,36
train,mslesseg,p37,98,1,9
train,mslesseg,p37,99,1,7
train,mslesseg,p37,100,1,4
train,mslesseg,p37,101,1,12
train,mslesseg,p37,102,1,14
train,mslesseg,p37,103,1,18
train,mslesseg,p37,104,1,18
train,mslesseg,p37,105,1,15
train,mslesseg,p37,106,1,7
train,mslesseg,p37,107,1,5
train,mslesseg,p37,110,0,0
train,mslesseg,p37,112,0,0
train,mslesseg,p37,122,0,0
train,mslesseg,p37,123,0,0
train,mslesseg,p37,132,0,0
train,mslesseg,p37,137,0,0
train,mslesseg,p38,24,0,0
train,mslesseg,p38,26,0,0
train,mslesseg,p38,27,1,18
train,mslesseg,p38,28,1,8
train,mslesseg,p38,29,1,13
train,mslesseg,p38,30,1,16
train,mslesseg,p38,31,1,40
train,mslesseg,p38,32,1,127
train,mslesseg,p38,33,1,75
train,mslesseg,p38,34,1,24
train,mslesseg,p38,35,1,19
train,mslesseg,p38,36,1,49
train,mslesseg,p38,37,1,33
train,mslesseg,p38,38,1,54
train,mslesseg,p38,39,1,81
train,mslesseg,p38,40,1,166
train,mslesseg,p38,41,1,184
train,mslesseg,p38,42,1,232
train,mslesseg,p38,43,1,188
train,mslesseg,p38,44,1,130
train,mslesseg,p38,45,1,193
train,mslesseg,p38,46,1,143
train,mslesseg,p38,47,1,155
train,mslesseg,p38,48,1,140
train,mslesseg,p38,49,1,125
train,mslesseg,p38,50,1,115
train,mslesseg,p38,51,1,143
train,mslesseg,p38,52,1,119
train,mslesseg,p38,53,1,213
train,mslesseg,p38,54,1,173
train,mslesseg,p38,55,1,193
train,mslesseg,p38,56,1,160
train,mslesseg,p38,57,1,128
train,mslesseg,p38,58,1,135
train,mslesseg,p38,59,1,174
train,mslesseg,p38,60,1,164
train,mslesseg,p38,61,1,154
train,mslesseg,p38,62,1,148
train,mslesseg,p38,63,1,216
train,mslesseg,p38,64,1,262
train,mslesseg,p38,65,1,307
train,mslesseg,p38,66,1,325
train,mslesseg,p38,67,1,419
train,mslesseg,p38,68,1,569
train,mslesseg,p38,69,1,706
train,mslesseg,p38,70,1,751
train,mslesseg,p38,71,1,635
train,mslesseg,p38,72,1,671
train,mslesseg,p38,73,1,671
train,mslesseg,p38,74,1,729
train,mslesseg,p38,75,1,741
train,mslesseg,p38,76,1,743
train,mslesseg,p38,77,1,607
train,mslesseg,p38,78,1,615
train,mslesseg,p38,79,1,591
train,mslesseg,p38,80,1,696
train,mslesseg,p38,81,1,533
train,mslesseg,p38,82,1,548
train,mslesseg,p38,83,1,524
train,mslesseg,p38,84,1,502
train,mslesseg,p38,85,1,559
train,mslesseg,p38,86,1,633
train,mslesseg,p38,87,1,675
train,mslesseg,p38,88,1,899
train,mslesseg,p38,89,1,838
train,mslesseg,p38,90,1,858
train,mslesseg,p38,91,1,733
train,mslesseg,p38,92,1,798
train,mslesseg,p38,93,1,829
train,mslesseg,p38,94,1,871
train,mslesseg,p38,95,1,955
train,mslesseg,p38,96,1,1117
train,mslesseg,p38,97,1,998
train,mslesseg,p38,98,1,1072
train,mslesseg,p38,99,1,1077
train,mslesseg,p38,100,1,1004
train,mslesseg,p38,101,1,1104
train,mslesseg,p38,102,1,1187
train,mslesseg,p38,103,1,1140
train,mslesseg,p38,104,1,904
train,mslesseg,p38,105,1,822
train,mslesseg,p38,106,1,540
train,mslesseg,p38,107,1,510
train,mslesseg,p38,108,1,327
train,mslesseg,p38,109,1,222
train,mslesseg,p38,110,1,116
train,mslesseg,p38,111,1,100
train,mslesseg,p38,112,1,73
train,mslesseg,p38,113,1,102
train,mslesseg,p38,114,1,88
train,mslesseg,p38,115,1,79
train,mslesseg,p38,116,1,92
train,mslesseg,p38,117,1,79
train,mslesseg,p38,118,1,86
train,mslesseg,p38,119,1,90
train,mslesseg,p38,120,1,114
train,mslesseg,p38,121,1,94
train,mslesseg,p38,122,1,106
train,mslesseg,p38,123,1,90
train,mslesseg,p38,124,1,108
train,mslesseg,p38,125,1,91
train,mslesseg,p38,126,1,89
train,mslesseg,p38,127,1,83
train,mslesseg,p38,128,1,77
train,mslesseg,p38,129,1,60
train,mslesseg,p38,130,1,41
train,mslesseg,p38,131,1,39
train,mslesseg,p38,132,1,31
train,mslesseg,p38,133,1,48
train,mslesseg,p38,134,1,57
train,mslesseg,p38,135,1,29
train,mslesseg,p38,136,1,20
train,mslesseg,p38,137,1,14
train,mslesseg,p38,138,1,11
train,mslesseg,p38,139,1,8
train,mslesseg,p38,140,1,6
train,mslesseg,p39,22,0,0
train,mslesseg,p39,25,0,0
train,mslesseg,p39,31,0,0
train,mslesseg,p39,32,0,0
train,mslesseg,p39,34,1,41
train,mslesseg,p39,35,1,66
train,mslesseg,p39,36,1,65
train,mslesseg,p39,37,1,86
train,mslesseg,p39,38,1,98
train,mslesseg,p39,39,1,142
train,mslesseg,p39,40,1,122
train,mslesseg,p39,41,1,225
train,mslesseg,p39,42,1,319
train,mslesseg,p39,43,1,326
train,mslesseg,p39,44,1,230
train,mslesseg,p39,45,1,195
train,mslesseg,p39,46,1,190
train,mslesseg,p39,47,1,178
train,mslesseg,p39,48,1,215
train,mslesseg,p39,49,1,198
train,mslesseg,p39,50,1,176
train,mslesseg,p39,51,1,168
train,mslesseg,p39,52,1,161
train,mslesseg,p39,53,1,178
train,mslesseg,p39,54,1,247
train,mslesseg,p39,55,1,183
train,mslesseg,p39,56,1,177
train,mslesseg,p39,57,1,217
train,mslesseg,p39,58,1,245
train,mslesseg,p39,59,1,289
train,mslesseg,p39,60,1,332
train,mslesseg,p39,61,1,361
train,mslesseg,p39,62,1,369
train,mslesseg,p39,63,1,446
train,mslesseg,p39,64,1,432
train,mslesseg,p39,65,1,502
train,mslesseg,p39,66,1,598
train,mslesseg,p39,67,1,641
train,mslesseg,p39,68,1,616
train,mslesseg,p39,69,1,615
train,mslesseg,p39,70,1,627
train,mslesseg,p39,71,1,794
train,mslesseg,p39,72,1,918
train,mslesseg,p39,73,1,817
train,mslesseg,p39,74,1,1117
train,mslesseg,p39,75,1,1083
train,mslesseg,p39,76,1,1061
train,mslesseg,p39,77,1,1099
train,mslesseg,p39,78,1,1143
train,mslesseg,p39,79,1,1132
train,mslesseg,p39,80,1,1119
train,mslesseg,p39,81,1,1232
train,mslesseg,p39,82,1,1323
train,mslesseg,p39,83,1,1368
train,mslesseg,p39,84,1,1352
train,mslesseg,p39,85,1,1188
train,mslesseg,p39,86,1,1122
train,mslesseg,p39,87,1,1107
train,mslesseg,p39,88,1,1098
train,mslesseg,p39,89,1,1138
train,mslesseg,p39,90,1,1188
train,mslesseg,p39,91,1,1273
train,mslesseg,p39,92,1,1336
train,mslesseg,p39,93,1,1419
train,mslesseg,p39,94,1,1428
train,mslesseg,p39,95,1,1497
train,mslesseg,p39,96,1,1485
train,mslesseg,p39,97,1,1524
train,mslesseg,p39,98,1,2163
train,mslesseg,p39,99,1,1732
train,mslesseg,p39,100,1,1457
train,mslesseg,p39,101,1,3585
train,mslesseg,p39,102,1,2250
train,mslesseg,p39,103,1,2229
train,mslesseg,p39,104,1,2467
train,mslesseg,p39,105,1,2485
train,mslesseg,p39,106,1,2280
train,mslesseg,p39,107,1,1478
train,mslesseg,p39,108,1,1363
train,mslesseg,p39,109,1,1146
train,mslesseg,p39,110,1,1024
train,mslesseg,p39,111,1,863
train,mslesseg,p39,112,1,679
train,mslesseg,p39,113,1,505
train,mslesseg,p39,114,1,423
train,mslesseg,p39,115,1,360
train,mslesseg,p39,116,1,308
train,mslesseg,p39,117,1,233
train,mslesseg,p39,118,1,162
train,mslesseg,p39,119,1,139
train,mslesseg,p39,120,1,117
train,mslesseg,p39,121,1,95
train,mslesseg,p39,122,1,85
train,mslesseg,p39,123,1,80
train,mslesseg,p39,124,1,76
train,mslesseg,p39,125,1,81
train,mslesseg,p39,126,1,86
train,mslesseg,p39,127,1,70
train,mslesseg,p39,128,1,62
train,mslesseg,p39,129,1,43
train,mslesseg,p39,130,1,28
train,mslesseg,p39,131,1,28
train,mslesseg,p39,132,1,19
train,mslesseg,p39,133,1,17
train,mslesseg,p39,134,1,17
train,mslesseg,p39,136,0,0
train,mslesseg,p39,137,0,0
train,mslesseg,p39,138,0,0
train,mslesseg,p39,142,0,0
train,mslesseg,p40,14,0,0
train,mslesseg,p40,18,0,0
train,mslesseg,p40,20,0,0
train,mslesseg,p40,23,0,0
train,mslesseg,p40,25,0,0
train,mslesseg,p40,32,0,0
train,mslesseg,p40,33,0,0
train,mslesseg,p40,34,0,0
train,mslesseg,p40,36,0,0
train,mslesseg,p40,37,0,0
train,mslesseg,p40,39,0,0
train,mslesseg,p40,41,0,0
train,mslesseg,p40,42,0,0
train,mslesseg,p40,45,0,0
train,mslesseg,p40,49,0,0
train,mslesseg,p40,51,0,0
train,mslesseg,p40,54,0,0
train,mslesseg,p40,56,0,0
train,mslesseg,p40,60,0,0
train,mslesseg,p40,63,1,32
train,mslesseg,p40,64,1,83
train,mslesseg,p40,65,1,105
train,mslesseg,p40,66,1,148
train,mslesseg,p40,67,1,165
train,mslesseg,p40,68,1,184
train,mslesseg,p40,69,1,187
train,mslesseg,p40,70,1,180
train,mslesseg,p40,71,1,183
train,mslesseg,p40,72,1,241
train,mslesseg,p40,73,1,222
train,mslesseg,p40,74,1,259
train,mslesseg,p40,75,1,187
train,mslesseg,p40,76,1,94
train,mslesseg,p40,77,1,71
train,mslesseg,p40,78,1,80
train,mslesseg,p40,79,1,66
train,mslesseg,p40,80,1,65
train,mslesseg,p40,81,1,57
train,mslesseg,p40,82,1,46
train,mslesseg,p40,83,1,52
train,mslesseg,p40,84,1,51
train,mslesseg,p40,85,1,20
train,mslesseg,p40,86,1,19
train,mslesseg,p40,87,1,8
train,mslesseg,p40,88,1,20
train,mslesseg,p40,89,1,25
train,mslesseg,p40,90,1,63
train,mslesseg,p40,91,1,101
train,mslesseg,p40,92,1,125
train,mslesseg,p40,93,1,167
train,mslesseg,p40,94,1,232
train,mslesseg,p40,95,1,266
train,mslesseg,p40,96,1,290
train,mslesseg,p40,97,1,314
train,mslesseg,p40,98,1,312
train,mslesseg,p40,99,1,328
train,mslesseg,p40,100,1,246
train,mslesseg,p40,101,1,176
train,mslesseg,p40,102,1,149
train,mslesseg,p40,103,1,130
train,mslesseg,p40,104,1,110
train,mslesseg,p40,105,1,113
train,mslesseg,p40,106,1,86
train,mslesseg,p40,107,1,90
train,mslesseg,p40,108,1,76
train,mslesseg,p40,109,1,61
train,mslesseg,p40,110,1,54
train,mslesseg,p40,111,1,42
train,mslesseg,p40,112,1,45
train,mslesseg,p40,113,1,29
train,mslesseg,p40,115,1,14
train,mslesseg,p40,116,1,12
train,mslesseg,p40,117,1,18
train,mslesseg,p40,118,1,22
train,mslesseg,p40,119,1,15
train,mslesseg,p40,120,1,21
train,mslesseg,p40,121,1,24
train,mslesseg,p40,122,1,29
train,mslesseg,p40,123,1,35
train,mslesseg,p40,124,1,31
train,mslesseg,p40,125,1,37
train,mslesseg,p40,126,1,21
train,mslesseg,p40,127,1,35
train,mslesseg,p40,128,1,31
train,mslesseg,p40,129,1,6
train,mslesseg,p40,135,0,0
train,mslesseg,p40,136,0,0
train,mslesseg,p40,144,0,0
train,mslesseg,p41,22,0,0
train,mslesseg,p41,23,0,0
train,mslesseg,p41,30,0,0
train,mslesseg,p41,32,1,10
train,mslesseg,p41,33,1,11
train,mslesseg,p41,34,1,11
train,mslesseg,p41,35,0,0
train,mslesseg,p41,38,0,0
train,mslesseg,p41,39,0,0
train,mslesseg,p41,40,0,0
train,mslesseg,p41,41,1,19
train,mslesseg,p41,42,1,19
train,mslesseg,p41,43,1,26
train,mslesseg,p41,44,1,19
train,mslesseg,p41,45,1,17
train,mslesseg,p41,46,1,25
train,mslesseg,p41,52,0,0
train,mslesseg,p41,53,0,0
train,mslesseg,p41,55,0,0
train,mslesseg,p41,56,0,0
train,mslesseg,p41,57,0,0
train,mslesseg,p41,63,0,0
train,mslesseg,p41,65,1,1
train,mslesseg,p41,66,1,11
train,mslesseg,p41,67,1,13
train,mslesseg,p41,68,1,14
train,mslesseg,p41,69,1,10
train,mslesseg,p41,70,1,5
train,mslesseg,p41,73,0,0
train,mslesseg,p41,74,1,13
train,mslesseg,p41,75,1,15
train,mslesseg,p41,76,1,27
train,mslesseg,p41,77,1,28
train,mslesseg,p41,78,1,29
train,mslesseg,p41,79,1,26
train,mslesseg,p41,80,1,20
train,mslesseg,p41,81,1,16
train,mslesseg,p41,82,1,11
train,mslesseg,p41,83,1,6
train,mslesseg,p41,86,1,13
train,mslesseg,p41,87,1,23
train,mslesseg,p41,88,1,17
train,mslesseg,p41,89,1,21
train,mslesseg,p41,90,0,0
train,mslesseg,p41,92,1,131
train,mslesseg,p41,93,1,65
train,mslesseg,p41,94,1,16
train,mslesseg,p41,95,1,29
train,mslesseg,p41,96,1,20
train,mslesseg,p41,97,1,29
train,mslesseg,p41,98,1,29
train,mslesseg,p41,99,1,26
train,mslesseg,p41,100,1,45
train,mslesseg,p41,101,1,16
train,mslesseg,p41,102,1,10
train,mslesseg,p41,103,1,11
train,mslesseg,p41,104,1,12
train,mslesseg,p41,105,1,8
train,mslesseg,p41,106,1,4
train,mslesseg,p41,110,0,0
train,mslesseg,p41,111,0,0
train,mslesseg,p41,112,0,0
train,mslesseg,p41,116,0,0
train,mslesseg,p41,122,0,0
train,mslesseg,p41,123,0,0
train,mslesseg,p41,127,0,0
train,mslesseg,p41,128,0,0
train,mslesseg,p41,130,0,0
train,mslesseg,p41,131,0,0
train,mslesseg,p41,132,0,0
train,mslesseg,p41,136,0,0
train,mslesseg,p41,142,0,0
train,mslesseg,p42,26,0,0
train,mslesseg,p42,27,1,17
train,mslesseg,p42,28,1,8
train,mslesseg,p42,29,1,10
train,mslesseg,p42,30,1,13
train,mslesseg,p42,32,0,0
train,mslesseg,p42,37,0,0
train,mslesseg,p42,38,1,5
train,mslesseg,p42,39,1,11
train,mslesseg,p42,40,1,12
train,mslesseg,p42,41,1,28
train,mslesseg,p42,42,1,28
train,mslesseg,p42,43,1,6
train,mslesseg,p42,44,0,0
train,mslesseg,p42,46,1,10
train,mslesseg,p42,47,1,18
train,mslesseg,p42,48,1,21
train,mslesseg,p42,49,1,42
train,mslesseg,p42,50,1,50
train,mslesseg,p42,51,1,30
train,mslesseg,p42,52,1,11
train,mslesseg,p42,53,1,21
train,mslesseg,p42,54,1,23
train,mslesseg,p42,55,1,25
train,mslesseg,p42,56,1,45
train,mslesseg,p42,57,1,66
train,mslesseg,p42,58,1,58
train,mslesseg,p42,59,1,54
train,mslesseg,p42,60,1,79
train,mslesseg,p42,61,1,109
train,mslesseg,p42,62,1,104
train,mslesseg,p42,63,1,152
train,mslesseg,p42,64,1,154
train,mslesseg,p42,65,1,197
train,mslesseg,p42,66,1,205
train,mslesseg,p42,67,1,198
train,mslesseg,p42,68,1,230
train,mslesseg,p42,69,1,252
train,mslesseg,p42,70,1,258
train,mslesseg,p42,71,1,321
train,mslesseg,p42,72,1,363
train,mslesseg,p42,73,1,418
train,mslesseg,p42,74,1,429
train,mslesseg,p42,75,1,450
train,mslesseg,p42,76,1,466
train,mslesseg,p42,77,1,719
train,mslesseg,p42,78,1,711
train,mslesseg,p42,79,1,725
train,mslesseg,p42,80,1,691
train,mslesseg,p42,81,1,704
train,mslesseg,p42,82,1,816
train,mslesseg,p42,83,1,911
train,mslesseg,p42,84,1,930
train,mslesseg,p42,85,1,895
train,mslesseg,p42,86,1,887
train,mslesseg,p42,87,1,902
train,mslesseg,p42,88,1,902
train,mslesseg,p42,89,1,1008
train,mslesseg,p42,90,1,1049
train,mslesseg,p42,91,1,1157
train,mslesseg,p42,92,1,1219
train,mslesseg,p42,93,1,1337
train,mslesseg,p42,94,1,1501
train,mslesseg,p42,95,1,1597
train,mslesseg,p42,96,1,1747
train,mslesseg,p42,97,1,1753
train,mslesseg,p42,98,1,1509
train,mslesseg,p42,99,1,1747
train,mslesseg,p42,100,1,1545
train,mslesseg,p42,101,1,1245
train,mslesseg,p42,102,1,1182
train,mslesseg,p42,103,1,1111
train,mslesseg,p42,104,1,1050
train,mslesseg,p42,105,1,923
train,mslesseg,p42,106,1,807
train,mslesseg,p42,107,1,728
train,mslesseg,p42,108,1,639
train,mslesseg,p42,109,1,552
train,mslesseg,p42,110,1,428
train,mslesseg,p42,111,1,330
train,mslesseg,p42,112,1,255
train,mslesseg,p42,113,1,231
train,mslesseg,p42,114,1,182
train,mslesseg,p42,115,1,116
train,mslesseg,p42,116,1,112
train,mslesseg,p42,117,1,84
train,mslesseg,p42,118,1,35
train,mslesseg,p42,119,1,22
train,mslesseg,p42,120,1,21
train,mslesseg,p42,121,1,18
train,mslesseg,p42,122,1,19
train,mslesseg,p42,123,1,16
train,mslesseg,p42,124,1,30
train,mslesseg,p42,125,1,49
train,mslesseg,p42,126,1,27
train,mslesseg,p42,127,1,35
train,mslesseg,p42,128,1,62
train,mslesseg,p42,129,1,77
train,mslesseg,p42,130,1,73
train,mslesseg,p42,131,1,68
train,mslesseg,p42,132,1,45
train,mslesseg,p42,133,1,42
train,mslesseg,p42,134,1,15
train,mslesseg,p42,135,0,0
train,mslesseg,p42,136,0,0
train,mslesseg,p42,138,0,0
train,mslesseg,p43,20,0,0
train,mslesseg,p43,22,0,0
train,mslesseg,p43,25,0,0
train,mslesseg,p43,26,0,0
train,mslesseg,p43,27,0,0
train,mslesseg,p43,32,0,0
train,mslesseg,p43,36,0,0
train,mslesseg,p43,45,0,0
train,mslesseg,p43,46,0,0
train,mslesseg,p43,49,0,0
train,mslesseg,p43,51,0,0
train,mslesseg,p43,55,0,0
train,mslesseg,p43,56,0,0
train,mslesseg,p43,57,1,10
train,mslesseg,p43,58,1,20
train,mslesseg,p43,59,1,50
train,mslesseg,p43,60,1,77
train,mslesseg,p43,61,1,108
train,mslesseg,p43,62,1,141
train,mslesseg,p43,63,1,160
train,mslesseg,p43,64,1,187
train,mslesseg,p43,65,1,193
train,mslesseg,p43,66,1,204
train,mslesseg,p43,67,1,210
train,mslesseg,p43,68,1,173
train,mslesseg,p43,69,1,122
train,mslesseg,p43,70,1,117
train,mslesseg,p43,71,1,102
train,mslesseg,p43,72,1,99
train,mslesseg,p43,73,1,102
train,mslesseg,p43,74,1,116
train,mslesseg,p43,75,1,110
train,mslesseg,p43,76,1,116
train,mslesseg,p43,77,1,161
train,mslesseg,p43,78,1,235
train,mslesseg,p43,79,1,371
train,mslesseg,p43,80,1,350
train,mslesseg,p43,81,1,296
train,mslesseg,p43,82,1,278
train,mslesseg,p43,83,1,349
train,mslesseg,p43,84,1,327
train,mslesseg,p43,85,1,333
train,mslesseg,p43,86,1,335
train,mslesseg,p43,87,1,356
train,mslesseg,p43,88,1,363
train,mslesseg,p43,89,1,407
train,mslesseg,p43,90,1,340
train,mslesseg,p43,91,1,541
train,mslesseg,p43,92,1,476
train,mslesseg,p43,93,1,458
train,mslesseg,p43,94,1,252
train,mslesseg,p43,95,1,649
train,mslesseg,p43,96,1,715
train,mslesseg,p43,97,1,617
train,mslesseg,p43,98,1,593
train,mslesseg,p43,99,1,693
train,mslesseg,p43,100,1,634
train,mslesseg,p43,101,1,745
train,mslesseg,p43,102,1,769
train,mslesseg,p43,103,1,309
train,mslesseg,p43,104,1,186
train,mslesseg,p43,105,1,159
train,mslesseg,p43,106,1,88
train,mslesseg,p43,107,1,118
train,mslesseg,p43,108,1,100
train,mslesseg,p43,109,1,125
train,mslesseg,p43,110,1,89
train,mslesseg,p43,111,1,77
train,mslesseg,p43,112,1,79
train,mslesseg,p43,113,1,85
train,mslesseg,p43,114,1,83
train,mslesseg,p43,115,1,62
train,mslesseg,p43,116,1,35
train,mslesseg,p43,117,1,28
train,mslesseg,p43,118,1,6
train,mslesseg,p43,119,0,0
train,mslesseg,p43,124,1,8
train,mslesseg,p43,125,1,7
train,mslesseg,p43,127,0,0
train,mslesseg,p43,129,0,0
train,mslesseg,p43,132,1,2
train,mslesseg,p43,133,1,7
train,mslesseg,p43,134,1,11
train,mslesseg,p43,135,1,13
train,mslesseg,p43,136,1,20
train,mslesseg,p43,137,1,27
train,mslesseg,p43,138,1,23
train,mslesseg,p43,139,1,19
train,mslesseg,p43,140,1,20
train,mslesseg,p43,141,1,27
train,mslesseg,p43,142,1,17
train,mslesseg,p43,143,1,3
train,mslesseg,p43,145,0,0
train,mslesseg,p44,0,0,0
train,mslesseg,p44,1,0,0
train,mslesseg,p44,4,0,0
train,mslesseg,p44,6,0,0
train,mslesseg,p44,18,0,0
train,mslesseg,p44,21,0,0
train,mslesseg,p44,29,0,0
train,mslesseg,p44,31,0,0
train,mslesseg,p44,37,0,0
train,mslesseg,p44,38,0,0
train,mslesseg,p44,39,0,0
train,mslesseg,p44,41,0,0
train,mslesseg,p44,42,1,6
train,mslesseg,p44,43,1,22
train,mslesseg,p44,44,1,24
train,mslesseg,p44,45,1,24
train,mslesseg,p44,46,1,30
train,mslesseg,p44,47,1,35
train,mslesseg,p44,48,1,26
train,mslesseg,p44,49,1,2
train,mslesseg,p44,53,0,0
train,mslesseg,p44,56,0,0
train,mslesseg,p44,57,1,11
train,mslesseg,p44,58,1,12
train,mslesseg,p44,59,1,15
train,mslesseg,p44,60,1,20
train,mslesseg,p44,61,1,15
train,mslesseg,p44,62,1,78
train,mslesseg,p44,63,1,54
train,mslesseg,p44,64,1,17
train,mslesseg,p44,65,1,23
train,mslesseg,p44,66,1,21
train,mslesseg,p44,67,1,22
train,mslesseg,p44,68,0,0
train,mslesseg,p44,72,0,0
train,mslesseg,p44,73,0,0
train,mslesseg,p44,79,0,0
train,mslesseg,p44,81,0,0
train,mslesseg,p44,88,1,15
train,mslesseg,p44,89,1,11
train,mslesseg,p44,90,1,12
train,mslesseg,p44,91,1,14
train,mslesseg,p44,97,0,0
train,mslesseg,p44,98,1,9
train,mslesseg,p44,99,1,54
train,mslesseg,p44,100,1,61
train,mslesseg,p44,101,1,74
train,mslesseg,p44,102,1,133
train,mslesseg,p44,103,1,147
train,mslesseg,p44,104,1,151
train,mslesseg,p44,105,1,162
train,mslesseg,p44,106,1,190
train,mslesseg,p44,107,1,219
train,mslesseg,p44,108,1,241
train,mslesseg,p44,109,1,232
train,mslesseg,p44,110,1,229
train,mslesseg,p44,111,1,244
train,mslesseg,p44,112,1,234
train,mslesseg,p44,113,1,216
train,mslesseg,p44,114,1,193
train,mslesseg,p44,115,1,165
train,mslesseg,p44,116,1,126
train,mslesseg,p44,117,1,119
train,mslesseg,p44,118,1,116
train,mslesseg,p44,119,1,66
train,mslesseg,p44,120,1,39
train,mslesseg,p44,121,1,22
train,mslesseg,p44,122,1,19
train,mslesseg,p44,127,0,0
train,mslesseg,p44,129,0,0
train,mslesseg,p44,130,0,0
train,mslesseg,p44,137,0,0
train,mslesseg,p44,138,0,0
train,mslesseg,p44,139,0,0
train,mslesseg,p44,142,0,0
train,mslesseg,p44,149,0,0
train,mslesseg,p44,150,0,0
train,mslesseg,p44,153,0,0
train,mslesseg,p44,156,0,0
train,mslesseg,p44,159,0,0
train,mslesseg,p44,163,0,0
train,mslesseg,p44,164,0,0
train,mslesseg,p44,166,0,0
train,mslesseg,p45,3,0,0
train,mslesseg,p45,4,0,0
train,mslesseg,p45,8,0,0
train,mslesseg,p45,19,0,0
train,mslesseg,p45,26,0,0
train,mslesseg,p45,27,0,0
train,mslesseg,p45,28,0,0
train,mslesseg,p45,32,0,0
train,mslesseg,p45,37,0,0
train,mslesseg,p45,38,0,0
train,mslesseg,p45,41,0,0
train,mslesseg,p45,45,1,19
train,mslesseg,p45,46,1,26
train,mslesseg,p45,47,1,19
train,mslesseg,p45,48,1,25
train,mslesseg,p45,49,1,34
train,mslesseg,p45,50,1,30
train,mslesseg,p45,51,1,22
train,mslesseg,p45,52,1,7
train,mslesseg,p45,53,1,2
train,mslesseg,p45,55,0,0
train,mslesseg,p45,60,0,0
train,mslesseg,p45,62,0,0
train,mslesseg,p45,65,1,32
train,mslesseg,p45,66,1,47
train,mslesseg,p45,67,1,58
train,mslesseg,p45,68,1,70
train,mslesseg,p45,69,1,72
train,mslesseg,p45,70,1,60
train,mslesseg,p45,71,1,54
train,mslesseg,p45,72,1,36
train,mslesseg,p45,73,1,75
train,mslesseg,p45,74,1,50
train,mslesseg,p45,75,1,41
train,mslesseg,p45,80,1,55
train,mslesseg,p45,81,1,40
train,mslesseg,p45,82,1,93
train,mslesseg,p45,83,1,69
train,mslesseg,p45,84,1,85
train,mslesseg,p45,85,1,142
train,mslesseg,p45,86,1,140
train,mslesseg,p45,87,1,152
train,mslesseg,p45,88,1,138
train,mslesseg,p45,89,1,162
train,mslesseg,p45,90,1,147
train,mslesseg,p45,91,1,142
train,mslesseg,p45,92,1,144
train,mslesseg,p45,93,1,167
train,mslesseg,p45,94,1,174
train,mslesseg,p45,95,1,163
train,mslesseg,p45,96,1,164
train,mslesseg,p45,97,1,171
train,mslesseg,p45,98,1,184
train,mslesseg,p45,99,1,199
train,mslesseg,p45,100,1,200
train,mslesseg,p45,101,1,201
train,mslesseg,p45,102,1,193
train,mslesseg,p45,103,1,236
train,mslesseg,p45,104,1,231
train,mslesseg,p45,105,1,245
train,mslesseg,p45,106,1,245
train,mslesseg,p45,107,1,239
train,mslesseg,p45,108,1,235
train,mslesseg,p45,109,1,241
train,mslesseg,p45,110,1,211
train,mslesseg,p45,111,1,195
train,mslesseg,p45,112,1,194
train,mslesseg,p45,113,1,192
train,mslesseg,p45,114,1,177
train,mslesseg,p45,115,1,150
train,mslesseg,p45,116,1,133
train,mslesseg,p45,117,1,110
train,mslesseg,p45,118,1,98
train,mslesseg,p45,119,1,63
train,mslesseg,p45,120,1,67
train,mslesseg,p45,121,1,22
train,mslesseg,p45,122,1,2
train,mslesseg,p45,123,0,0
train,mslesseg,p45,124,0,0
train,mslesseg,p45,125,0,0
train,mslesseg,p45,129,0,0
train,mslesseg,p45,137,0,0
train,mslesseg,p45,138,0,0
train,mslesseg,p45,145,0,0
train,mslesseg,p45,151,0,0
train,mslesseg,p45,166,0,0
train,mslesseg,p46,20,0,0
train,mslesseg,p46,23,0,0
train,mslesseg,p46,24,0,0
train,mslesseg,p46,28,0,0
train,mslesseg,p46,31,0,0
train,mslesseg,p46,32,0,0
train,mslesseg,p46,34,0,0
train,mslesseg,p46,36,0,0
train,mslesseg,p46,37,1,4
train,mslesseg,p46,38,1,12
train,mslesseg,p46,39,1,17
train,mslesseg,p46,40,1,11
train,mslesseg,p46,41,1,3
train,mslesseg,p46,47,0,0
train,mslesseg,p46,50,0,0
train,mslesseg,p46,53,0,0
train,mslesseg,p46,54,0,0
train,mslesseg,p46,56,0,0
train,mslesseg,p46,59,0,0
train,mslesseg,p46,63,0,0
train,mslesseg,p46,66,1,14
train,mslesseg,p46,67,1,40
train,mslesseg,p46,68,1,20
train,mslesseg,p46,69,1,26
train,mslesseg,p46,70,1,29
train,mslesseg,p46,71,1,36
train,mslesseg,p46,72,1,38
train,mslesseg,p46,73,1,43
train,mslesseg,p46,74,1,72
train,mslesseg,p46,75,1,87
train,mslesseg,p46,76,1,108
train,mslesseg,p46,77,1,117
train,mslesseg,p46,78,1,146
train,mslesseg,p46,79,1,150
train,mslesseg,p46,80,1,175
train,mslesseg,p46,81,1,194
train,mslesseg,p46,82,1,240
train,mslesseg,p46,83,1,269
train,mslesseg,p46,84,1,251
train,mslesseg,p46,85,1,231
train,mslesseg,p46,86,1,187
train,mslesseg,p46,87,1,173
train,mslesseg,p46,88,1,164
train,mslesseg,p46,89,1,141
train,mslesseg,p46,90,1,133
train,mslesseg,p46,91,1,114
train,mslesseg,p46,92,1,144
train,mslesseg,p46,93,1,106
train,mslesseg,p46,94,1,77
train,mslesseg,p46,95,1,92
train,mslesseg,p46,96,1,115
train,mslesseg,p46,97,1,168
train,mslesseg,p46,98,1,189
train,mslesseg,p46,99,1,255
train,mslesseg,p46,100,1,264
train,mslesseg,p46,101,1,238
train,mslesseg,p46,102,1,217
train,mslesseg,p46,103,1,188
train,mslesseg,p46,104,1,176
train,mslesseg,p46,105,1,148
train,mslesseg,p46,106,1,131
train,mslesseg,p46,107,1,104
train,mslesseg,p46,108,1,26
train,mslesseg,p46,109,1,17
train,mslesseg,p46,110,1,13
train,mslesseg,p46,111,1,13
train,mslesseg,p46,112,1,38
train,mslesseg,p46,113,1,27
train,mslesseg,p46,114,1,31
train,mslesseg,p46,115,1,42
train,mslesseg,p46,116,1,28
train,mslesseg,p46,117,1,27
train,mslesseg,p46,118,1,25
train,mslesseg,p46,119,1,21
train,mslesseg,p46,120,1,20
train,mslesseg,p46,121,1,18
train,mslesseg,p46,122,1,9
train,mslesseg,p46,123,1,4
train,mslesseg,p46,124,1,1
train,mslesseg,p46,125,0,0
train,mslesseg,p46,129,0,0
train,mslesseg,p46,132,0,0
train,mslesseg,p46,135,0,0
train,mslesseg,p46,136,0,0
train,mslesseg,p46,137,0,0
train,mslesseg,p46,138,0,0
train,mslesseg,p46,142,0,0
train,mslesseg,p46,143,0,0
train,mslesseg,p47,23,0,0
train,mslesseg,p47,24,0,0
train,mslesseg,p47,26,0,0
train,mslesseg,p47,29,1,23
train,mslesseg,p47,30,1,11
train,mslesseg,p47,31,1,25
train,mslesseg,p47,32,1,28
train,mslesseg,p47,33,1,23
train,mslesseg,p47,34,1,21
train,mslesseg,p47,35,1,35
train,mslesseg,p47,36,1,32
train,mslesseg,p47,37,1,18
train,mslesseg,p47,38,1,35
train,mslesseg,p47,39,1,32
train,mslesseg,p47,40,1,12
train,mslesseg,p47,41,1,3
train,mslesseg,p47,43,1,10
train,mslesseg,p47,44,1,15
train,mslesseg,p47,45,1,11
train,mslesseg,p47,46,1,10
train,mslesseg,p47,47,1,15
train,mslesseg,p47,48,1,13
train,mslesseg,p47,49,1,23
train,mslesseg,p47,50,1,23
train,mslesseg,p47,51,1,10
train,mslesseg,p47,52,1,28
train,mslesseg,p47,53,1,32
train,mslesseg,p47,54,1,26
train,mslesseg,p47,55,1,14
train,mslesseg,p47,56,1,17
train,mslesseg,p47,57,1,31
train,mslesseg,p47,58,1,29
train,mslesseg,p47,59,1,29
train,mslesseg,p47,60,1,39
train,mslesseg,p47,61,1,39
train,mslesseg,p47,62,1,57
train,mslesseg,p47,63,1,77
train,mslesseg,p47,64,1,108
train,mslesseg,p47,65,1,110
train,mslesseg,p47,66,1,118
train,mslesseg,p47,67,1,162
train,mslesseg,p47,68,1,256
train,mslesseg,p47,69,1,414
train,mslesseg,p47,70,1,474
train,mslesseg,p47,71,1,586
train,mslesseg,p47,72,1,512
train,mslesseg,p47,73,1,558
train,mslesseg,p47,74,1,514
train,mslesseg,p47,75,1,500
train,mslesseg,p47,76,1,404
train,mslesseg,p47,77,1,421
train,mslesseg,p47,78,1,556
train,mslesseg,p47,79,1,529
train,mslesseg,p47,80,1,441
train,mslesseg,p47,81,1,419
train,mslesseg,p47,82,1,387
train,mslesseg,p47,83,1,375
train,mslesseg,p47,84,1,375
train,mslesseg,p47,85,1,361
train,mslesseg,p47,86,1,325
train,mslesseg,p47,87,1,255
train,mslesseg,p47,88,1,232
train,mslesseg,p47,89,1,256
train,mslesseg,p47,90,1,224
train,mslesseg,p47,91,1,199
train,mslesseg,p47,92,1,223
train,mslesseg,p47,93,1,326
train,mslesseg,p47,94,1,543
train,mslesseg,p47,95,1,549
train,mslesseg,p47,96,1,533
train,mslesseg,p47,97,1,598
train,mslesseg,p47,98,1,397
train,mslesseg,p47,99,1,408
train,mslesseg,p47,100,1,448
train,mslesseg,p47,101,1,543
train,mslesseg,p47,102,1,538
train,mslesseg,p47,103,1,484
train,mslesseg,p47,104,1,450
train,mslesseg,p47,105,1,399
train,mslesseg,p47,106,1,230
train,mslesseg,p47,107,1,207
train,mslesseg,p47,108,1,106
train,mslesseg,p47,109,1,79
train,mslesseg,p47,110,1,68
train,mslesseg,p47,111,1,59
train,mslesseg,p47,112,1,51
train,mslesseg,p47,113,1,36
train,mslesseg,p47,114,1,51
train,mslesseg,p47,115,1,56
train,mslesseg,p47,116,1,45
train,mslesseg,p47,117,1,35
train,mslesseg,p47,118,1,23
train,mslesseg,p47,119,1,26
train,mslesseg,p47,120,1,9
train,mslesseg,p47,121,1,19
train,mslesseg,p47,122,1,7
train,mslesseg,p47,123,1,6
train,mslesseg,p47,124,1,4
train,mslesseg,p47,125,0,0
train,mslesseg,p47,126,1,24
train,mslesseg,p47,127,1,21
train,mslesseg,p47,128,1,13
train,mslesseg,p47,129,1,23
train,mslesseg,p47,130,1,35
train,mslesseg,p47,131,1,41
train,mslesseg,p47,132,1,46
train,mslesseg,p47,133,1,60
train,mslesseg,p47,139,0,0
train,mslesseg,p48,18,0,0
train,mslesseg,p48,20,0,0
train,mslesseg,p48,22,0,0
train,mslesseg,p48,31,1,7
train,mslesseg,p48,32,1,12
train,mslesseg,p48,33,1,24
train,mslesseg,p48,34,1,36
train,mslesseg,p48,35,1,33
train,mslesseg,p48,36,1,27
train,mslesseg,p48,37,1,14
train,mslesseg,p48,38,1,27
train,mslesseg,p48,39,1,23
train,mslesseg,p48,40,1,27
train,mslesseg,p48,41,1,29
train,mslesseg,p48,42,1,10
train,mslesseg,p48,43,1,10
train,mslesseg,p48,44,1,10
train,mslesseg,p48,45,0,0
train,mslesseg,p48,47,0,0
train,mslesseg,p48,51,0,0
train,mslesseg,p48,52,1,48
train,mslesseg,p48,53,1,47
train,mslesseg,p48,54,1,48
train,mslesseg,p48,55,1,46
train,mslesseg,p48,56,1,56
train,mslesseg,p48,57,1,66
train,mslesseg,p48,58,1,61
train,mslesseg,p48,59,1,42
train,mslesseg,p48,60,1,48
train,mslesseg,p48,61,1,19
train,mslesseg,p48,62,1,7
train,mslesseg,p48,63,1,8
train,mslesseg,p48,64,1,6
train,mslesseg,p48,65,1,9
train,mslesseg,p48,66,1,5
train,mslesseg,p48,67,1,11
train,mslesseg,p48,68,1,4
train,mslesseg,p48,69,1,14
train,mslesseg,p48,70,1,20
train,mslesseg,p48,71,1,22
train,mslesseg,p48,72,1,37
train,mslesseg,p48,73,1,53
train,mslesseg,p48,74,1,68
train,mslesseg,p48,75,1,98
train,mslesseg,p48,76,1,93
train,mslesseg,p48,77,1,98
train,mslesseg,p48,78,1,200
train,mslesseg,p48,79,1,152
train,mslesseg,p48,80,1,99
train,mslesseg,p48,81,1,96
train,mslesseg,p48,82,1,108
train,mslesseg,p48,83,1,116
train,mslesseg,p48,84,1,95
train,mslesseg,p48,85,1,74
train,mslesseg,p48,86,1,101
train,mslesseg,p48,87,1,108
train,mslesseg,p48,88,1,121
train,mslesseg,p48,89,1,107
train,mslesseg,p48,90,1,109
train,mslesseg,p48,91,1,121
train,mslesseg,p48,92,1,97
train,mslesseg,p48,93,1,118
train,mslesseg,p48,94,1,182
train,mslesseg,p48,95,1,205
train,mslesseg,p48,96,1,193
train,mslesseg,p48,97,1,240
train,mslesseg,p48,98,1,267
train,mslesseg,p48,99,1,228
train,mslesseg,p48,100,1,219
train,mslesseg,p48,101,1,220
train,mslesseg,p48,102,1,157
train,mslesseg,p48,103,1,130
train,mslesseg,p48,104,1,104
train,mslesseg,p48,105,1,77
train,mslesseg,p48,106,1,30
train,mslesseg,p48,107,1,41
train,mslesseg,p48,108,1,32
train,mslesseg,p48,109,1,35
train,mslesseg,p48,110,1,11
train,mslesseg,p48,111,1,15
train,mslesseg,p48,112,1,10
train,mslesseg,p48,113,1,10
train,mslesseg,p48,114,1,23
train,mslesseg,p48,115,1,27
train,mslesseg,p48,116,1,32
train,mslesseg,p48,117,1,37
train,mslesseg,p48,118,1,29
train,mslesseg,p48,119,1,19
train,mslesseg,p48,120,1,11
train,mslesseg,p48,121,1,4
train,mslesseg,p48,124,1,14
train,mslesseg,p48,125,1,15
train,mslesseg,p48,126,0,0
train,mslesseg,p48,127,0,0
train,mslesseg,p48,131,0,0
train,mslesseg,p48,132,0,0
train,mslesseg,p48,135,0,0
train,mslesseg,p48,139,0,0
train,mslesseg,p49,20,0,0
train,mslesseg,p49,22,0,0
train,mslesseg,p49,23,0,0
train,mslesseg,p49,24,0,0
train,mslesseg,p49,25,0,0
train,mslesseg,p49,26,1,4
train,mslesseg,p49,27,1,15
train,mslesseg,p49,28,1,31
train,mslesseg,p49,29,1,23
train,mslesseg,p49,30,1,50
train,mslesseg,p49,31,1,49
train,mslesseg,p49,32,1,75
train,mslesseg,p49,33,1,98
train,mslesseg,p49,34,1,137
train,mslesseg,p49,35,1,133
train,mslesseg,p49,36,1,269
train,mslesseg,p49,37,1,94
train,mslesseg,p49,38,1,55
train,mslesseg,p49,39,1,72
train,mslesseg,p49,40,1,53
train,mslesseg,p49,42,0,0
train,mslesseg,p49,49,0,0
train,mslesseg,p49,54,0,0
train,mslesseg,p49,55,1,20
train,mslesseg,p49,56,1,16
train,mslesseg,p49,57,1,11
train,mslesseg,p49,58,1,31
train,mslesseg,p49,59,1,34
train,mslesseg,p49,60,1,37
train,mslesseg,p49,61,1,28
train,mslesseg,p49,62,1,62
train,mslesseg,p49,63,1,132
train,mslesseg,p49,64,1,113
train,mslesseg,p49,65,1,107
train,mslesseg,p49,66,1,97
train,mslesseg,p49,67,1,107
train,mslesseg,p49,68,1,60
train,mslesseg,p49,69,1,40
train,mslesseg,p49,70,1,39
train,mslesseg,p49,71,1,27
train,mslesseg,p49,72,1,30
train,mslesseg,p49,73,1,34
train,mslesseg,p49,74,1,90
train,mslesseg,p49,75,1,247
train,mslesseg,p49,76,1,259
train,mslesseg,p49,77,1,393
train,mslesseg,p49,78,1,393
train,mslesseg,p49,79,1,661
train,mslesseg,p49,80,1,555
train,mslesseg,p49,81,1,632
train,mslesseg,p49,82,1,678
train,mslesseg,p49,83,1,708
train,mslesseg,p49,84,1,637
train,mslesseg,p49,85,1,554
train,mslesseg,p49,86,1,567
train,mslesseg,p49,87,1,551
train,mslesseg,p49,88,1,575
train,mslesseg,p49,89,1,993
train,mslesseg,p49,90,1,820
train,mslesseg,p49,91,1,622
train,mslesseg,p49,92,1,901
train,mslesseg,p49,93,1,959
train,mslesseg,p49,94,1,981
train,mslesseg,p49,95,1,1240
train,mslesseg,p49,96,1,1139
train,mslesseg,p49,97,1,1118
train,mslesseg,p49,98,1,1019
train,mslesseg,p49,99,1,1111
train,mslesseg,p49,100,1,1013
train,mslesseg,p49,101,1,1125
train,mslesseg,p49,102,1,874
train,mslesseg,p49,103,1,636
train,mslesseg,p49,104,1,620
train,mslesseg,p49,105,1,594
train,mslesseg,p49,106,1,524
train,mslesseg,p49,107,1,584
train,mslesseg,p49,108,1,566
train,mslesseg,p49,109,1,557
train,mslesseg,p49,110,1,587
train,mslesseg,p49,111,1,497
train,mslesseg,p49,112,1,524
train,mslesseg,p49,113,1,486
train,mslesseg,p49,114,1,559
train,mslesseg,p49,115,1,512
train,mslesseg,p49,116,1,412
train,mslesseg,p49,117,1,393
train,mslesseg,p49,118,1,418
train,mslesseg,p49,119,1,381
train,mslesseg,p49,120,1,365
train,mslesseg,p49,121,1,321
train,mslesseg,p49,122,1,288
train,mslesseg,p49,123,1,265
train,mslesseg,p49,124,1,232
train,mslesseg,p49,125,1,214
train,mslesseg,p49,126,1,180
train,mslesseg,p49,127,1,189
train,mslesseg,p49,128,1,79
train,mslesseg,p49,129,1,67
train,mslesseg,p49,130,1,30
train,mslesseg,p49,131,1,31
train,mslesseg,p49,134,0,0
train,mslesseg,p49,139,0,0
train,mslesseg,p49,141,0,0
train,mslesseg,p50,22,0,0
train,mslesseg,p50,26,0,0
train,mslesseg,p50,27,0,0
train,mslesseg,p50,33,0,0
train,mslesseg,p50,34,0,0
train,mslesseg,p50,38,0,0
train,mslesseg,p50,40,0,0
train,mslesseg,p50,42,1,17
train,mslesseg,p50,43,1,18
train,mslesseg,p50,44,1,17
train,mslesseg,p50,45,1,18
train,mslesseg,p50,52,1,9
train,mslesseg,p50,53,1,28
train,mslesseg,p50,54,1,56
train,mslesseg,p50,55,1,44
train,mslesseg,p50,56,1,55
train,mslesseg,p50,57,1,51
train,mslesseg,p50,58,1,23
train,mslesseg,p50,59,1,31
train,mslesseg,p50,60,1,27
train,mslesseg,p50,61,1,40
train,mslesseg,p50,62,1,12
train,mslesseg,p50,63,1,21
train,mslesseg,p50,64,1,37
train,mslesseg,p50,65,1,53
train,mslesseg,p50,66,1,63
train,mslesseg,p50,67,1,48
train,mslesseg,p50,68,1,67
train,mslesseg,p50,69,1,94
train,mslesseg,p50,70,1,77
train,mslesseg,p50,71,1,78
train,mslesseg,p50,72,1,127
train,mslesseg,p50,73,1,120
train,mslesseg,p50,74,1,131
train,mslesseg,p50,75,1,99
train,mslesseg,p50,76,1,143
train,mslesseg,p50,77,1,166
train,mslesseg,p50,78,1,211
train,mslesseg,p50,79,1,175
train,mslesseg,p50,80,1,191
train,mslesseg,p50,81,1,175
train,mslesseg,p50,82,1,192
train,mslesseg,p50,83,1,162
train,mslesseg,p50,84,1,164
train,mslesseg,p50,85,1,155
train,mslesseg,p50,86,1,182
train,mslesseg,p50,87,1,211
train,mslesseg,p50,88,1,221
train,mslesseg,p50,89,1,257
train,mslesseg,p50,90,1,205
train,mslesseg,p50,91,1,251
train,mslesseg,p50,92,1,216
train,mslesseg,p50,93,1,208
train,mslesseg,p50,94,1,232
train,mslesseg,p50,95,1,249
train,mslesseg,p50,96,1,412
train,mslesseg,p50,97,1,378
train,mslesseg,p50,98,1,559
train,mslesseg,p50,99,1,498
train,mslesseg,p50,100,1,356
train,mslesseg,p50,101,1,254
train,mslesseg,p50,102,1,275
train,mslesseg,p50,103,1,134
train,mslesseg,p50,104,1,131
train,mslesseg,p50,105,1,109
train,mslesseg,p50,106,1,102
train,mslesseg,p50,107,1,107
train,mslesseg,p50,108,1,83
train,mslesseg,p50,109,1,86
train,mslesseg,p50,110,1,74
train,mslesseg,p50,111,1,47
train,mslesseg,p50,112,1,27
train,mslesseg,p50,113,1,17
train,mslesseg,p50,114,1,20
train,mslesseg,p50,115,1,22
train,mslesseg,p50,116,1,18
train,mslesseg,p50,118,1,8
train,mslesseg,p50,123,0,0
train,mslesseg,p50,135,0,0
train,mslesseg,p50,137,0,0
train,mslesseg,p51,19,0,0
train,mslesseg,p51,25,0,0
train,mslesseg,p51,26,0,0
train,mslesseg,p51,29,0,0
train,mslesseg,p51,32,0,0
train,mslesseg,p51,33,0,0
train,mslesseg,p51,34,1,13
train,mslesseg,p51,35,1,34
train,mslesseg,p51,36,1,38
train,mslesseg,p51,37,1,26
train,mslesseg,p51,38,1,59
train,mslesseg,p51,39,1,45
train,mslesseg,p51,40,1,85
train,mslesseg,p51,41,1,132
train,mslesseg,p51,42,1,133
train,mslesseg,p51,43,1,190
train,mslesseg,p51,44,1,151
train,mslesseg,p51,45,1,145
train,mslesseg,p51,46,1,98
train,mslesseg,p51,47,1,87
train,mslesseg,p51,48,1,89
train,mslesseg,p51,49,1,99
train,mslesseg,p51,50,1,92
train,mslesseg,p51,51,1,92
train,mslesseg,p51,52,1,98
train,mslesseg,p51,53,1,91
train,mslesseg,p51,54,1,67
train,mslesseg,p51,55,1,123
train,mslesseg,p51,56,1,67
train,mslesseg,p51,57,1,69
train,mslesseg,p51,58,1,81
train,mslesseg,p51,59,1,95
train,mslesseg,p51,60,1,78
train,mslesseg,p51,61,1,52
train,mslesseg,p51,62,1,31
train,mslesseg,p51,63,1,21
train,mslesseg,p51,64,1,20
train,mslesseg,p51,65,1,58
train,mslesseg,p51,66,1,78
train,mslesseg,p51,67,1,97
train,mslesseg,p51,68,1,69
train,mslesseg,p51,69,1,74
train,mslesseg,p51,70,1,82
train,mslesseg,p51,71,1,85
train,mslesseg,p51,72,1,58
train,mslesseg,p51,73,1,41
train,mslesseg,p51,74,1,24
train,mslesseg,p51,75,1,53
train,mslesseg,p51,76,1,79
train,mslesseg,p51,77,1,129
train,mslesseg,p51,78,1,182
train,mslesseg,p51,79,1,284
train,mslesseg,p51,80,1,325
train,mslesseg,p51,81,1,353
train,mslesseg,p51,82,1,371
train,mslesseg,p51,83,1,359
train,mslesseg,p51,84,1,373
train,mslesseg,p51,85,1,335
train,mslesseg,p51,86,1,355
train,mslesseg,p51,87,1,355
train,mslesseg,p51,88,1,330
train,mslesseg,p51,89,1,317
train,mslesseg,p51,90,1,317
train,mslesseg,p51,91,1,323
train,mslesseg,p51,92,1,384
train,mslesseg,p51,93,1,353
train,mslesseg,p51,94,1,361
train,mslesseg,p51,95,1,322
train,mslesseg,p51,96,1,232
train,mslesseg,p51,97,1,188
train,mslesseg,p51,98,1,209
train,mslesseg,p51,99,1,197
train,mslesseg,p51,100,1,224
train,mslesseg,p51,101,1,207
train,mslesseg,p51,102,1,270
train,mslesseg,p51,103,1,270
train,mslesseg,p51,104,1,283
train,mslesseg,p51,105,1,273
train,mslesseg,p51,106,1,222
train,mslesseg,p51,107,1,187
train,mslesseg,p51,108,1,143
train,mslesseg,p51,109,1,136
train,mslesseg,p51,110,1,107
train,mslesseg,p51,111,1,74
train,mslesseg,p51,112,1,82
train,mslesseg,p51,113,1,58
train,mslesseg,p51,114,1,78
train,mslesseg,p51,115,1,20
train,mslesseg,p51,116,1,18
train,mslesseg,p51,117,0,0
train,mslesseg,p51,118,0,0
train,mslesseg,p51,120,1,2
train,mslesseg,p51,121,1,16
train,mslesseg,p51,122,1,14
train,mslesseg,p51,123,1,19
train,mslesseg,p51,124,1,41
train,mslesseg,p51,125,1,55
train,mslesseg,p51,126,1,50
train,mslesseg,p51,127,1,34
train,mslesseg,p51,128,1,29
train,mslesseg,p51,129,1,12
train,mslesseg,p51,130,1,12
train,mslesseg,p51,131,1,16
train,mslesseg,p51,132,1,14
train,mslesseg,p51,133,1,7
train,mslesseg,p51,134,1,10
train,mslesseg,p51,135,1,10
train,mslesseg,p51,136,1,8
train,mslesseg,p51,137,1,2
train,mslesseg,p51,138,1,4
train,mslesseg,p51,139,1,10
train,mslesseg,p51,140,1,8
train,mslesseg,p51,141,1,11
train,mslesseg,p51,142,1,4
train,mslesseg,p52,25,0,0
train,mslesseg,p52,27,0,0
train,mslesseg,p52,28,0,0
train,mslesseg,p52,30,1,10
train,mslesseg,p52,31,1,12
train,mslesseg,p52,32,1,11
train,mslesseg,p52,33,1,7
train,mslesseg,p52,34,1,51
train,mslesseg,p52,35,1,75
train,mslesseg,p52,36,1,65
train,mslesseg,p52,37,1,59
train,mslesseg,p52,38,1,18
train,mslesseg,p52,39,1,31
train,mslesseg,p52,40,1,24
train,mslesseg,p52,41,1,9
train,mslesseg,p52,42,1,22
train,mslesseg,p52,43,1,18
train,mslesseg,p52,44,1,16
train,mslesseg,p52,45,1,15
train,mslesseg,p52,46,1,14
train,mslesseg,p52,47,1,10
train,mslesseg,p52,48,1,17
train,mslesseg,p52,49,1,21
train,mslesseg,p52,50,1,14
train,mslesseg,p52,51,1,14
train,mslesseg,p52,52,1,8
train,mslesseg,p52,53,1,1
train,mslesseg,p52,54,1,11
train,mslesseg,p52,55,1,15
train,mslesseg,p52,56,1,14
train,mslesseg,p52,57,1,13
train,mslesseg,p52,58,1,6
train,mslesseg,p52,59,1,11
train,mslesseg,p52,60,0,0
train,mslesseg,p52,61,1,9
train,mslesseg,p52,62,1,10
train,mslesseg,p52,63,1,21
train,mslesseg,p52,64,1,7
train,mslesseg,p52,65,1,17
train,mslesseg,p52,66,1,36
train,mslesseg,p52,67,1,42
train,mslesseg,p52,68,1,43
train,mslesseg,p52,69,1,33
train,mslesseg,p52,70,1,16
train,mslesseg,p52,71,1,11
train,mslesseg,p52,72,1,8
train,mslesseg,p52,73,1,48
train,mslesseg,p52,74,1,75
train,mslesseg,p52,75,1,80
train,mslesseg,p52,76,1,86
train,mslesseg,p52,77,1,89
train,mslesseg,p52,78,1,72
train,mslesseg,p52,79,1,63
train,mslesseg,p52,80,1,92
train,mslesseg,p52,81,1,68
train,mslesseg,p52,82,1,94
train,mslesseg,p52,83,1,91
train,mslesseg,p52,84,1,91
train,mslesseg,p52,85,1,92
train,mslesseg,p52,86,1,69
train,mslesseg,p52,87,1,39
train,mslesseg,p52,88,1,22
train,mslesseg,p52,89,1,26
train,mslesseg,p52,90,1,16
train,mslesseg,p52,91,1,12
train,mslesseg,p52,92,1,6
train,mslesseg,p52,93,1,28
train,mslesseg,p52,94,1,41
train,mslesseg,p52,95,1,39
train,mslesseg,p52,96,1,42
train,mslesseg,p52,97,1,82
train,mslesseg,p52,98,1,96
train,mslesseg,p52,99,1,118
train,mslesseg,p52,100,1,120
train,mslesseg,p52,101,1,109
train,mslesseg,p52,102,1,100
train,mslesseg,p52,103,1,91
train,mslesseg,p52,104,1,70
train,mslesseg,p52,105,1,65
train,mslesseg,p52,106,1,71
train,mslesseg,p52,107,1,35
train,mslesseg,p52,108,1,13
train,mslesseg,p52,110,1,9
train,mslesseg,p52,111,1,7
train,mslesseg,p52,112,1,20
train,mslesseg,p52,113,1,13
train,mslesseg,p52,114,1,5
train,mslesseg,p52,115,1,5
train,mslesseg,p52,116,1,9
train,mslesseg,p52,117,1,9
train,mslesseg,p52,118,1,7
train,mslesseg,p52,119,1,6
train,mslesseg,p52,128,0,0
train,mslesseg,p52,131,0,0
train,mslesseg,p52,141,0,0
train,mslesseg,p53,1,0,0
train,mslesseg,p53,4,0,0
train,mslesseg,p53,5,0,0
train,mslesseg,p53,8,0,0
train,mslesseg,p53,11,1,17
train,mslesseg,p53,12,1,35
train,mslesseg,p53,13,1,27
train,mslesseg,p53,14,1,29
train,mslesseg,p53,15,1,31
train,mslesseg,p53,18,1,8
train,mslesseg,p53,19,1,14
train,mslesseg,p53,20,1,29
train,mslesseg,p53,21,1,36
train,mslesseg,p53,22,1,26
train,mslesseg,p53,23,1,13
train,mslesseg,p53,24,1,6
train,mslesseg,p53,25,1,20
train,mslesseg,p53,26,1,37
train,mslesseg,p53,27,1,80
train,mslesseg,p53,28,1,76
train,mslesseg,p53,29,1,113
train,mslesseg,p53,30,1,127
train,mslesseg,p53,31,1,119
train,mslesseg,p53,32,1,156
train,mslesseg,p53,33,1,112
train,mslesseg,p53,34,1,117
train,mslesseg,p53,35,1,175
train,mslesseg,p53,36,1,159
train,mslesseg,p53,37,1,54
train,mslesseg,p53,38,1,23
train,mslesseg,p53,39,1,44
train,mslesseg,p53,40,0,0
train,mslesseg,p53,53,0,0
train,mslesseg,p53,56,0,0
train,mslesseg,p53,57,1,12
train,mslesseg,p53,58,1,25
train,mslesseg,p53,59,1,29
train,mslesseg,p53,60,1,27
train,mslesseg,p53,61,1,23
train,mslesseg,p53,62,1,14
train,mslesseg,p53,63,1,10
train,mslesseg,p53,64,1,35
train,mslesseg,p53,65,1,47
train,mslesseg,p53,66,1,51
train,mslesseg,p53,67,1,52
train,mslesseg,p53,68,1,82
train,mslesseg,p53,69,1,54
train,mslesseg,p53,70,1,63
train,mslesseg,p53,71,1,66
train,mslesseg,p53,72,1,55
train,mslesseg,p53,73,1,69
train,mslesseg,p53,74,1,26
train,mslesseg,p53,75,1,15
train,mslesseg,p53,76,1,7
train,mslesseg,p53,77,1,3
train,mslesseg,p53,79,0,0
train,mslesseg,p53,80,0,0
train,mslesseg,p53,83,1,70
train,mslesseg,p53,84,1,74
train,mslesseg,p53,85,1,75
train,mslesseg,p53,86,1,70
train,mslesseg,p53,87,1,76
train,mslesseg,p53,88,1,80
train,mslesseg,p53,89,1,80
train,mslesseg,p53,90,1,54
train,mslesseg,p53,91,1,65
train,mslesseg,p53,92,1,73
train,mslesseg,p53,93,1,115
train,mslesseg,p53,94,1,113
train,mslesseg,p53,95,1,118
train,mslesseg,p53,96,1,142
train,mslesseg,p53,97,1,66
train,mslesseg,p53,98,1,80
train,mslesseg,p53,99,1,87
train,mslesseg,p53,100,1,30
train,mslesseg,p53,101,1,45
train,mslesseg,p53,102,1,60
train,mslesseg,p53,103,1,29
train,mslesseg,p53,104,1,34
train,mslesseg,p53,105,1,6
train,mslesseg,p53,106,0,0
train,mslesseg,p53,110,0,0
train,mslesseg,p53,112,0,0
train,mslesseg,p53,118,0,0
train,mslesseg,p53,126,0,0
train,mslesseg,p53,128,1,4
train,mslesseg,p53,129,1,5
train,mslesseg,p53,130,0,0
train,mslesseg,p53,134,0,0
train,mslesseg,p53,138,0,0
train,mslesseg,p53,139,0,0
train,mslesseg,p53,140,0,0
train,mslesseg,p53,142,0,0
train,mslesseg,p53,145,0,0
train,mslesseg,p53,150,0,0
train,mslesseg,p53,152,1,2
train,mslesseg,p53,153,1,8
train,mslesseg,p53,154,1,5
train,mslesseg,p53,157,0,0
train,mslesseg,p53,159,0,0
train,mslesseg,p53,162,0,0
val,mslesseg,p54,0,0,0
val,mslesseg,p54,1,0,0
val,mslesseg,p54,2,0,0
val,mslesseg,p54,3,0,0
val,mslesseg,p54,4,0,0
val,mslesseg,p54,5,0,0
val,mslesseg,p54,6,0,0
val,mslesseg,p54,7,0,0
val,mslesseg,p54,8,0,0
val,mslesseg,p54,9,0,0
val,mslesseg,p54,10,0,0
val,mslesseg,p54,11,0,0
val,mslesseg,p54,12,0,0
val,mslesseg,p54,13,0,0
val,mslesseg,p54,14,0,0
val,mslesseg,p54,15,0,0
val,mslesseg,p54,16,0,0
val,mslesseg,p54,17,0,0
val,mslesseg,p54,18,0,0
val,mslesseg,p54,19,0,0
val,mslesseg,p54,20,0,0
val,mslesseg,p54,21,0,0
val,mslesseg,p54,22,0,0
val,mslesseg,p54,23,0,0
val,mslesseg,p54,24,0,0
val,mslesseg,p54,25,0,0
val,mslesseg,p54,26,0,0
val,mslesseg,p54,27,0,0
val,mslesseg,p54,28,0,0
val,mslesseg,p54,29,0,0
val,mslesseg,p54,30,0,0
val,mslesseg,p54,31,0,0
val,mslesseg,p54,32,0,0
val,mslesseg,p54,33,0,0
val,mslesseg,p54,34,0,0
val,mslesseg,p54,35,0,0
val,mslesseg,p54,36,0,0
val,mslesseg,p54,37,0,0
val,mslesseg,p54,38,0,0
val,mslesseg,p54,39,0,0
val,mslesseg,p54,40,0,0
val,mslesseg,p54,41,0,0
val,mslesseg,p54,42,0,0
val,mslesseg,p54,43,0,0
val,mslesseg,p54,44,0,0
val,mslesseg,p54,45,0,0
val,mslesseg,p54,46,0,0
val,mslesseg,p54,47,0,0
val,mslesseg,p54,48,0,0
val,mslesseg,p54,49,0,0
val,mslesseg,p54,50,0,0
val,mslesseg,p54,51,0,0
val,mslesseg,p54,52,0,0
val,mslesseg,p54,53,0,0
val,mslesseg,p54,54,0,0
val,mslesseg,p54,55,0,0
val,mslesseg,p54,56,0,0
val,mslesseg,p54,57,0,0
val,mslesseg,p54,58,0,0
val,mslesseg,p54,59,0,0
val,mslesseg,p54,60,0,0
val,mslesseg,p54,61,0,0
val,mslesseg,p54,62,0,0
val,mslesseg,p54,63,0,0
val,mslesseg,p54,64,0,0
val,mslesseg,p54,65,0,0
val,mslesseg,p54,66,0,0
val,mslesseg,p54,67,0,0
val,mslesseg,p54,68,1,14
val,mslesseg,p54,69,1,10
val,mslesseg,p54,70,1,26
val,mslesseg,p54,71,1,12
val,mslesseg,p54,72,1,15
val,mslesseg,p54,73,1,14
val,mslesseg,p54,74,0,0
val,mslesseg,p54,75,1,1
val,mslesseg,p54,76,1,12
val,mslesseg,p54,77,1,20
val,mslesseg,p54,78,1,24
val,mslesseg,p54,79,1,23
val,mslesseg,p54,80,1,20
val,mslesseg,p54,81,1,19
val,mslesseg,p54,82,1,17
val,mslesseg,p54,83,1,13
val,mslesseg,p54,84,1,9
val,mslesseg,p54,85,1,5
val,mslesseg,p54,86,1,6
val,mslesseg,p54,87,0,0
val,mslesseg,p54,88,0,0
val,mslesseg,p54,89,0,0
val,mslesseg,p54,90,1,1
val,mslesseg,p54,91,1,5
val,mslesseg,p54,92,1,19
val,mslesseg,p54,93,1,42
val,mslesseg,p54,94,1,68
val,mslesseg,p54,95,1,93
val,mslesseg,p54,96,1,115
val,mslesseg,p54,97,1,129
val,mslesseg,p54,98,1,133
val,mslesseg,p54,99,1,139
val,mslesseg,p54,100,1,115
val,mslesseg,p54,101,1,81
val,mslesseg,p54,102,1,49
val,mslesseg,p54,103,1,24
val,mslesseg,p54,104,0,0
val,mslesseg,p54,105,0,0
val,mslesseg,p54,106,0,0
val,mslesseg,p54,107,0,0
val,mslesseg,p54,108,1,6
val,mslesseg,p54,109,1,9
val,mslesseg,p54,110,1,5
val,mslesseg,p54,111,1,8
val,mslesseg,p54,112,1,6
val,mslesseg,p54,113,1,11
val,mslesseg,p54,114,1,8
val,mslesseg,p54,115,1,6
val,mslesseg,p54,116,0,0
val,mslesseg,p54,117,0,0
val,mslesseg,p54,118,0,0
val,mslesseg,p54,119,0,0
val,mslesseg,p54,120,0,0
val,mslesseg,p54,121,0,0
val,mslesseg,p54,122,0,0
val,mslesseg,p54,123,0,0
val,mslesseg,p54,124,0,0
val,mslesseg,p54,125,0,0
val,mslesseg,p54,126,0,0
val,mslesseg,p54,127,0,0
val,mslesseg,p54,128,0,0
val,mslesseg,p54,129,0,0
val,mslesseg,p54,130,0,0
val,mslesseg,p54,131,0,0
val,mslesseg,p54,132,0,0
val,mslesseg,p54,133,0,0
val,mslesseg,p54,134,0,0
val,mslesseg,p54,135,0,0
val,mslesseg,p54,136,0,0
val,mslesseg,p54,137,0,0
val,mslesseg,p54,138,0,0
val,mslesseg,p54,139,0,0
val,mslesseg,p54,140,0,0
val,mslesseg,p54,141,0,0
val,mslesseg,p54,142,0,0
val,mslesseg,p54,143,0,0
val,mslesseg,p54,144,0,0
val,mslesseg,p54,145,0,0
val,mslesseg,p54,146,0,0
val,mslesseg,p54,147,0,0
val,mslesseg,p54,148,0,0
val,mslesseg,p54,149,0,0
val,mslesseg,p54,150,0,0
val,mslesseg,p54,151,0,0
val,mslesseg,p54,152,0,0
val,mslesseg,p54,153,0,0
val,mslesseg,p54,154,0,0
val,mslesseg,p54,155,0,0
val,mslesseg,p54,156,0,0
val,mslesseg,p54,157,0,0
val,mslesseg,p54,158,0,0
val,mslesseg,p54,159,0,0
val,mslesseg,p54,160,0,0
val,mslesseg,p54,161,0,0
val,mslesseg,p54,162,0,0
val,mslesseg,p54,163,0,0
val,mslesseg,p54,164,0,0
val,mslesseg,p54,165,0,0
val,mslesseg,p54,166,0,0
val,mslesseg,p54,167,0,0
val,mslesseg,p54,168,0,0
val,mslesseg,p54,169,0,0
val,mslesseg,p54,170,0,0
val,mslesseg,p54,171,0,0
val,mslesseg,p54,172,0,0
val,mslesseg,p54,173,0,0
val,mslesseg,p54,174,0,0
val,mslesseg,p54,175,0,0
val,mslesseg,p54,176,0,0
val,mslesseg,p54,177,0,0
val,mslesseg,p54,178,0,0
val,mslesseg,p54,179,0,0
val,mslesseg,p54,180,0,0
val,mslesseg,p54,181,0,0
val,mslesseg,p55,0,0,0
val,mslesseg,p55,1,0,0
val,mslesseg,p55,2,0,0
val,mslesseg,p55,3,0,0
val,mslesseg,p55,4,0,0
val,mslesseg,p55,5,0,0
val,mslesseg,p55,6,0,0
val,mslesseg,p55,7,0,0
val,mslesseg,p55,8,0,0
val,mslesseg,p55,9,0,0
val,mslesseg,p55,10,0,0
val,mslesseg,p55,11,0,0
val,mslesseg,p55,12,0,0
val,mslesseg,p55,13,0,0
val,mslesseg,p55,14,0,0
val,mslesseg,p55,15,0,0
val,mslesseg,p55,16,0,0
val,mslesseg,p55,17,0,0
val,mslesseg,p55,18,0,0
val,mslesseg,p55,19,0,0
val,mslesseg,p55,20,0,0
val,mslesseg,p55,21,0,0
val,mslesseg,p55,22,0,0
val,mslesseg,p55,23,0,0
val,mslesseg,p55,24,0,0
val,mslesseg,p55,25,0,0
val,mslesseg,p55,26,0,0
val,mslesseg,p55,27,0,0
val,mslesseg,p55,28,0,0
val,mslesseg,p55,29,0,0
val,mslesseg,p55,30,0,0
val,mslesseg,p55,31,0,0
val,mslesseg,p55,32,0,0
val,mslesseg,p55,33,0,0
val,mslesseg,p55,34,0,0
val,mslesseg,p55,35,0,0
val,mslesseg,p55,36,0,0
val,mslesseg,p55,37,0,0
val,mslesseg,p55,38,0,0
val,mslesseg,p55,39,1,17
val,mslesseg,p55,40,1,13
val,mslesseg,p55,41,1,34
val,mslesseg,p55,42,1,33
val,mslesseg,p55,43,1,18
val,mslesseg,p55,44,1,26
val,mslesseg,p55,45,1,28
val,mslesseg,p55,46,1,8
val,mslesseg,p55,47,1,19
val,mslesseg,p55,48,0,0
val,mslesseg,p55,49,0,0
val,mslesseg,p55,50,0,0
val,mslesseg,p55,51,1,14
val,mslesseg,p55,52,1,32
val,mslesseg,p55,53,1,34
val,mslesseg,p55,54,1,39
val,mslesseg,p55,55,1,15
val,mslesseg,p55,56,1,16
val,mslesseg,p55,57,1,13
val,mslesseg,p55,58,0,0
val,mslesseg,p55,59,0,0
val,mslesseg,p55,60,1,16
val,mslesseg,p55,61,1,25
val,mslesseg,p55,62,1,52
val,mslesseg,p55,63,1,53
val,mslesseg,p55,64,1,44
val,mslesseg,p55,65,1,74
val,mslesseg,p55,66,1,123
val,mslesseg,p55,67,1,95
val,mslesseg,p55,68,1,104
val,mslesseg,p55,69,1,113
val,mslesseg,p55,70,1,88
val,mslesseg,p55,71,1,103
val,mslesseg,p55,72,1,112
val,mslesseg,p55,73,1,68
val,mslesseg,p55,74,1,39
val,mslesseg,p55,75,1,52
val,mslesseg,p55,76,1,36
val,mslesseg,p55,77,1,81
val,mslesseg,p55,78,1,66
val,mslesseg,p55,79,1,149
val,mslesseg,p55,80,1,211
val,mslesseg,p55,81,1,163
val,mslesseg,p55,82,1,168
val,mslesseg,p55,83,1,124
val,mslesseg,p55,84,1,135
val,mslesseg,p55,85,1,139
val,mslesseg,p55,86,1,113
val,mslesseg,p55,87,1,158
val,mslesseg,p55,88,1,182
val,mslesseg,p55,89,1,177
val,mslesseg,p55,90,1,171
val,mslesseg,p55,91,1,148
val,mslesseg,p55,92,1,137
val,mslesseg,p55,93,1,112
val,mslesseg,p55,94,1,108
val,mslesseg,p55,95,1,94
val,mslesseg,p55,96,1,66
val,mslesseg,p55,97,1,50
val,mslesseg,p55,98,1,78
val,mslesseg,p55,99,1,86
val,mslesseg,p55,100,1,53
val,mslesseg,p55,101,1,72
val,mslesseg,p55,102,1,75
val,mslesseg,p55,103,1,12
val,mslesseg,p55,104,1,10
val,mslesseg,p55,105,0,0
val,mslesseg,p55,106,0,0
val,mslesseg,p55,107,0,0
val,mslesseg,p55,108,0,0
val,mslesseg,p55,109,0,0
val,mslesseg,p55,110,0,0
val,mslesseg,p55,111,0,0
val,mslesseg,p55,112,0,0
val,mslesseg,p55,113,0,0
val,mslesseg,p55,114,0,0
val,mslesseg,p55,115,0,0
val,mslesseg,p55,116,0,0
val,mslesseg,p55,117,1,10
val,mslesseg,p55,118,1,16
val,mslesseg,p55,119,1,21
val,mslesseg,p55,120,1,30
val,mslesseg,p55,121,1,29
val,mslesseg,p55,122,1,49
val,mslesseg,p55,123,1,46
val,mslesseg,p55,124,1,16
val,mslesseg,p55,125,1,10
val,mslesseg,p55,126,1,13
val,mslesseg,p55,127,1,15
val,mslesseg,p55,128,1,17
val,mslesseg,p55,129,1,18
val,mslesseg,p55,130,1,36
val,mslesseg,p55,131,1,40
val,mslesseg,p55,132,1,50
val,mslesseg,p55,133,1,52
val,mslesseg,p55,134,1,27
val,mslesseg,p55,135,1,20
val,mslesseg,p55,136,0,0
val,mslesseg,p55,137,0,0
val,mslesseg,p55,138,0,0
val,mslesseg,p55,139,0,0
val,mslesseg,p55,140,0,0
val,mslesseg,p55,141,0,0
val,mslesseg,p55,142,0,0
val,mslesseg,p55,143,0,0
val,mslesseg,p55,144,0,0
val,mslesseg,p55,145,0,0
val,mslesseg,p55,146,0,0
val,mslesseg,p55,147,0,0
val,mslesseg,p55,148,0,0
val,mslesseg,p55,149,0,0
val,mslesseg,p55,150,0,0
val,mslesseg,p55,151,0,0
val,mslesseg,p55,152,0,0
val,mslesseg,p55,153,0,0
val,mslesseg,p55,154,0,0
val,mslesseg,p55,155,0,0
val,mslesseg,p55,156,0,0
val,mslesseg,p55,157,0,0
val,mslesseg,p55,158,0,0
val,mslesseg,p55,159,0,0
val,mslesseg,p55,160,0,0
val,mslesseg,p55,161,0,0
val,mslesseg,p55,162,0,0
val,mslesseg,p55,163,0,0
val,mslesseg,p55,164,0,0
val,mslesseg,p55,165,0,0
val,mslesseg,p55,166,0,0
val,mslesseg,p55,167,0,0
val,mslesseg,p55,168,0,0
val,mslesseg,p55,169,0,0
val,mslesseg,p55,170,0,0
val,mslesseg,p55,171,0,0
val,mslesseg,p55,172,0,0
val,mslesseg,p55,173,0,0
val,mslesseg,p55,174,0,0
val,mslesseg,p55,175,0,0
val,mslesseg,p55,176,0,0
val,mslesseg,p55,177,0,0
val,mslesseg,p55,178,0,0
val,mslesseg,p55,179,0,0
val,mslesseg,p55,180,0,0
val,mslesseg,p55,181,0,0
val,mslesseg,p56,0,0,0
val,mslesseg,p56,1,0,0
val,mslesseg,p56,2,0,0
val,mslesseg,p56,3,0,0
val,mslesseg,p56,4,0,0
val,mslesseg,p56,5,0,0
val,mslesseg,p56,6,0,0
val,mslesseg,p56,7,0,0
val,mslesseg,p56,8,0,0
val,mslesseg,p56,9,0,0
val,mslesseg,p56,10,0,0
val,mslesseg,p56,11,0,0
val,mslesseg,p56,12,0,0
val,mslesseg,p56,13,0,0
val,mslesseg,p56,14,0,0
val,mslesseg,p56,15,0,0
val,mslesseg,p56,16,0,0
val,mslesseg,p56,17,0,0
val,mslesseg,p56,18,0,0
val,mslesseg,p56,19,0,0
val,mslesseg,p56,20,0,0
val,mslesseg,p56,21,0,0
val,mslesseg,p56,22,0,0
val,mslesseg,p56,23,0,0
val,mslesseg,p56,24,0,0
val,mslesseg,p56,25,0,0
val,mslesseg,p56,26,0,0
val,mslesseg,p56,27,0,0
val,mslesseg,p56,28,0,0
val,mslesseg,p56,29,0,0
val,mslesseg,p56,30,0,0
val,mslesseg,p56,31,0,0
val,mslesseg,p56,32,0,0
val,mslesseg,p56,33,0,0
val,mslesseg,p56,34,0,0
val,mslesseg,p56,35,0,0
val,mslesseg,p56,36,0,0
val,mslesseg,p56,37,0,0
val,mslesseg,p56,38,0,0
val,mslesseg,p56,39,0,0
val,mslesseg,p56,40,0,0
val,mslesseg,p56,41,0,0
val,mslesseg,p56,42,0,0
val,mslesseg,p56,43,0,0
val,mslesseg,p56,44,0,0
val,mslesseg,p56,45,0,0
val,mslesseg,p56,46,0,0
val,mslesseg,p56,47,0,0
val,mslesseg,p56,48,0,0
val,mslesseg,p56,49,0,0
val,mslesseg,p56,50,0,0
val,mslesseg,p56,51,0,0
val,mslesseg,p56,52,0,0
val,mslesseg,p56,53,0,0
val,mslesseg,p56,54,0,0
val,mslesseg,p56,55,0,0
val,mslesseg,p56,56,0,0
val,mslesseg,p56,57,0,0
val,mslesseg,p56,58,0,0
val,mslesseg,p56,59,0,0
val,mslesseg,p56,60,0,0
val,mslesseg,p56,61,0,0
val,mslesseg,p56,62,0,0
val,mslesseg,p56,63,0,0
val,mslesseg,p56,64,0,0
val,mslesseg,p56,65,1,5
val,mslesseg,p56,66,1,17
val,mslesseg,p56,67,1,16
val,mslesseg,p56,68,1,9
val,mslesseg,p56,69,1,9
val,mslesseg,p56,70,1,9
val,mslesseg,p56,71,0,0
val,mslesseg,p56,72,0,0
val,mslesseg,p56,73,0,0
val,mslesseg,p56,74,0,0
val,mslesseg,p56,75,0,0
val,mslesseg,p56,76,0,0
val,mslesseg,p56,77,0,0
val,mslesseg,p56,78,0,0
val,mslesseg,p56,79,0,0
val,mslesseg,p56,80,0,0
val,mslesseg,p56,81,0,0
val,mslesseg,p56,82,0,0
val,mslesseg,p56,83,0,0
val,mslesseg,p56,84,0,0
val,mslesseg,p56,85,0,0
val,mslesseg,p56,86,0,0
val,mslesseg,p56,87,0,0
val,mslesseg,p56,88,0,0
val,mslesseg,p56,89,0,0
val,mslesseg,p56,90,1,41
val,mslesseg,p56,91,1,67
val,mslesseg,p56,92,1,66
val,mslesseg,p56,93,1,101
val,mslesseg,p56,94,1,92
val,mslesseg,p56,95,1,153
val,mslesseg,p56,96,1,121
val,mslesseg,p56,97,1,89
val,mslesseg,p56,98,1,98
val,mslesseg,p56,99,1,106
val,mslesseg,p56,100,1,95
val,mslesseg,p56,101,1,104
val,mslesseg,p56,102,1,81
val,mslesseg,p56,103,1,86
val,mslesseg,p56,104,1,82
val,mslesseg,p56,105,1,73
val,mslesseg,p56,106,1,61
val,mslesseg,p56,107,1,48
val,mslesseg,p56,108,1,36
val,mslesseg,p56,109,1,30
val,mslesseg,p56,110,1,20
val,mslesseg,p56,111,1,17
val,mslesseg,p56,112,1,22
val,mslesseg,p56,113,0,0
val,mslesseg,p56,114,0,0
val,mslesseg,p56,115,0,0
val,mslesseg,p56,116,0,0
val,mslesseg,p56,117,0,0
val,mslesseg,p56,118,0,0
val,mslesseg,p56,119,0,0
val,mslesseg,p56,120,0,0
val,mslesseg,p56,121,0,0
val,mslesseg,p56,122,0,0
val,mslesseg,p56,123,0,0
val,mslesseg,p56,124,0,0
val,mslesseg,p56,125,0,0
val,mslesseg,p56,126,0,0
val,mslesseg,p56,127,0,0
val,mslesseg,p56,128,0,0
val,mslesseg,p56,129,0,0
val,mslesseg,p56,130,0,0
val,mslesseg,p56,131,0,0
val,mslesseg,p56,132,0,0
val,mslesseg,p56,133,0,0
val,mslesseg,p56,134,0,0
val,mslesseg,p56,135,0,0
val,mslesseg,p56,136,0,0
val,mslesseg,p56,137,0,0
val,mslesseg,p56,138,0,0
val,mslesseg,p56,139,0,0
val,mslesseg,p56,140,0,0
val,mslesseg,p56,141,0,0
val,mslesseg,p56,142,0,0
val,mslesseg,p56,143,0,0
val,mslesseg,p56,144,0,0
val,mslesseg,p56,145,0,0
val,mslesseg,p56,146,0,0
val,mslesseg,p56,147,0,0
val,mslesseg,p56,148,0,0
val,mslesseg,p56,149,0,0
val,mslesseg,p56,150,0,0
val,mslesseg,p56,151,0,0
val,mslesseg,p56,152,0,0
val,mslesseg,p56,153,0,0
val,mslesseg,p56,154,0,0
val,mslesseg,p56,155,0,0
val,mslesseg,p56,156,0,0
val,mslesseg,p56,157,0,0
val,mslesseg,p56,158,0,0
val,mslesseg,p56,159,0,0
val,mslesseg,p56,160,0,0
val,mslesseg,p56,161,0,0
val,mslesseg,p56,162,0,0
val,mslesseg,p56,163,0,0
val,mslesseg,p56,164,0,0
val,mslesseg,p56,165,0,0
val,mslesseg,p56,166,0,0
val,mslesseg,p56,167,0,0
val,mslesseg,p56,168,0,0
val,mslesseg,p56,169,0,0
val,mslesseg,p56,170,0,0
val,mslesseg,p56,171,0,0
val,mslesseg,p56,172,0,0
val,mslesseg,p56,173,0,0
val,mslesseg,p56,174,0,0
val,mslesseg,p56,175,0,0
val,mslesseg,p56,176,0,0
val,mslesseg,p56,177,0,0
val,mslesseg,p56,178,0,0
val,mslesseg,p56,179,0,0
val,mslesseg,p56,180,0,0
val,mslesseg,p56,181,0,0
val,mslesseg,p57,0,0,0
val,mslesseg,p57,1,0,0
val,mslesseg,p57,2,0,0
val,mslesseg,p57,3,0,0
val,mslesseg,p57,4,0,0
val,mslesseg,p57,5,0,0
val,mslesseg,p57,6,0,0
val,mslesseg,p57,7,0,0
val,mslesseg,p57,8,1,6
val,mslesseg,p57,9,1,9
val,mslesseg,p57,10,1,9
val,mslesseg,p57,11,1,9
val,mslesseg,p57,12,1,12
val,mslesseg,p57,13,1,17
val,mslesseg,p57,14,1,13
val,mslesseg,p57,15,1,14
val,mslesseg,p57,16,1,12
val,mslesseg,p57,17,0,0
val,mslesseg,p57,18,0,0
val,mslesseg,p57,19,0,0
val,mslesseg,p57,20,0,0
val,mslesseg,p57,21,0,0
val,mslesseg,p57,22,0,0
val,mslesseg,p57,23,0,0
val,mslesseg,p57,24,1,20
val,mslesseg,p57,25,1,15
val,mslesseg,p57,26,1,13
val,mslesseg,p57,27,1,27
val,mslesseg,p57,28,1,56
val,mslesseg,p57,29,1,76
val,mslesseg,p57,30,1,49
val,mslesseg,p57,31,1,39
val,mslesseg,p57,32,1,102
val,mslesseg,p57,33,1,164
val,mslesseg,p57,34,1,198
val,mslesseg,p57,35,1,241
val,mslesseg,p57,36,1,259
val,mslesseg,p57,37,1,253
val,mslesseg,p57,38,1,256
val,mslesseg,p57,39,1,363
val,mslesseg,p57,40,1,284
val,mslesseg,p57,41,1,269
val,mslesseg,p57,42,1,337
val,mslesseg,p57,43,1,368
val,mslesseg,p57,44,1,412
val,mslesseg,p57,45,1,396
val,mslesseg,p57,46,1,227
val,mslesseg,p57,47,1,200
val,mslesseg,p57,48,1,183
val,mslesseg,p57,49,1,183
val,mslesseg,p57,50,1,167
val,mslesseg,p57,51,1,198
val,mslesseg,p57,52,1,197
val,mslesseg,p57,53,1,220
val,mslesseg,p57,54,1,239
val,mslesseg,p57,55,1,197
val,mslesseg,p57,56,1,139
val,mslesseg,p57,57,1,105
val,mslesseg,p57,58,1,163
val,mslesseg,p57,59,1,235
val,mslesseg,p57,60,1,281
val,mslesseg,p57,61,1,346
val,mslesseg,p57,62,1,417
val,mslesseg,p57,63,1,441
val,mslesseg,p57,64,1,396
val,mslesseg,p57,65,1,543
val,mslesseg,p57,66,1,551
val,mslesseg,p57,67,1,477
val,mslesseg,p57,68,1,461
val,mslesseg,p57,69,1,503
val,mslesseg,p57,70,1,752
val,mslesseg,p57,71,1,909
val,mslesseg,p57,72,1,727
val,mslesseg,p57,73,1,900
val,mslesseg,p57,74,1,806
val,mslesseg,p57,75,1,733
val,mslesseg,p57,76,1,972
val,mslesseg,p57,77,1,956
val,mslesseg,p57,78,1,894
val,mslesseg,p57,79,1,713
val,mslesseg,p57,80,1,719
val,mslesseg,p57,81,1,682
val,mslesseg,p57,82,1,783
val,mslesseg,p57,83,1,760
val,mslesseg,p57,84,1,779
val,mslesseg,p57,85,1,598
val,mslesseg,p57,86,1,731
val,mslesseg,p57,87,1,610
val,mslesseg,p57,88,1,539
val,mslesseg,p57,89,1,529
val,mslesseg,p57,90,1,549
val,mslesseg,p57,91,1,742
val,mslesseg,p57,92,1,718
val,mslesseg,p57,93,1,701
val,mslesseg,p57,94,1,803
val,mslesseg,p57,95,1,690
val,mslesseg,p57,96,1,693
val,mslesseg,p57,97,1,802
val,mslesseg,p57,98,1,818
val,mslesseg,p57,99,1,930
val,mslesseg,p57,100,1,708
val,mslesseg,p57,101,1,817
val,mslesseg,p57,102,1,1036
val,mslesseg,p57,103,1,937
val,mslesseg,p57,104,1,599
val,mslesseg,p57,105,1,476
val,mslesseg,p57,106,1,224
val,mslesseg,p57,107,1,139
val,mslesseg,p57,108,1,106
val,mslesseg,p57,109,1,95
val,mslesseg,p57,110,1,93
val,mslesseg,p57,111,1,78
val,mslesseg,p57,112,1,114
val,mslesseg,p57,113,1,138
val,mslesseg,p57,114,1,153
val,mslesseg,p57,115,1,133
val,mslesseg,p57,116,1,155
val,mslesseg,p57,117,1,175
val,mslesseg,p57,118,1,154
val,mslesseg,p57,119,1,225
val,mslesseg,p57,120,1,235
val,mslesseg,p57,121,1,210
val,mslesseg,p57,122,1,182
val,mslesseg,p57,123,1,199
val,mslesseg,p57,124,1,158
val,mslesseg,p57,125,1,132
val,mslesseg,p57,126,1,121
val,mslesseg,p57,127,1,113
val,mslesseg,p57,128,1,42
val,mslesseg,p57,129,1,30
val,mslesseg,p57,130,1,23
val,mslesseg,p57,131,1,35
val,mslesseg,p57,132,1,35
val,mslesseg,p57,133,1,44
val,mslesseg,p57,134,1,31
val,mslesseg,p57,135,1,16
val,mslesseg,p57,136,1,10
val,mslesseg,p57,137,1,10
val,mslesseg,p57,138,1,6
val,mslesseg,p57,139,1,3
val,mslesseg,p57,140,1,3
val,mslesseg,p57,141,0,0
val,mslesseg,p57,142,0,0
val,mslesseg,p57,143,0,0
val,mslesseg,p57,144,0,0
val,mslesseg,p57,145,0,0
val,mslesseg,p57,146,0,0
val,mslesseg,p57,147,0,0
val,mslesseg,p57,148,0,0
val,mslesseg,p57,149,0,0
val,mslesseg,p57,150,0,0
val,mslesseg,p57,151,0,0
val,mslesseg,p57,152,0,0
val,mslesseg,p57,153,0,0
val,mslesseg,p57,154,0,0
val,mslesseg,p57,155,0,0
val,mslesseg,p57,156,0,0
val,mslesseg,p57,157,0,0
val,mslesseg,p57,158,0,0
val,mslesseg,p57,159,0,0
val,mslesseg,p57,160,0,0
val,mslesseg,p57,161,0,0
val,mslesseg,p57,162,0,0
val,mslesseg,p57,163,0,0
val,mslesseg,p57,164,0,0
val,mslesseg,p57,165,0,0
val,mslesseg,p57,166,0,0
val,mslesseg,p57,167,0,0
val,mslesseg,p57,168,0,0
val,mslesseg,p57,169,0,0
val,mslesseg,p57,170,0,0
val,mslesseg,p57,171,0,0
val,mslesseg,p57,172,0,0
val,mslesseg,p57,173,0,0
val,mslesseg,p57,174,0,0
val,mslesseg,p57,175,0,0
val,mslesseg,p57,176,0,0
val,mslesseg,p57,177,0,0
val,mslesseg,p57,178,0,0
val,mslesseg,p57,179,0,0
val,mslesseg,p57,180,0,0
val,mslesseg,p57,181,0,0
val,mslesseg,p58,0,0,0
val,mslesseg,p58,1,0,0
val,mslesseg,p58,2,0,0
val,mslesseg,p58,3,0,0
val,mslesseg,p58,4,0,0
val,mslesseg,p58,5,0,0
val,mslesseg,p58,6,0,0
val,mslesseg,p58,7,0,0
val,mslesseg,p58,8,0,0
val,mslesseg,p58,9,0,0
val,mslesseg,p58,10,0,0
val,mslesseg,p58,11,0,0
val,mslesseg,p58,12,0,0
val,mslesseg,p58,13,0,0
val,mslesseg,p58,14,0,0
val,mslesseg,p58,15,0,0
val,mslesseg,p58,16,0,0
val,mslesseg,p58,17,0,0
val,mslesseg,p58,18,0,0
val,mslesseg,p58,19,0,0
val,mslesseg,p58,20,0,0
val,mslesseg,p58,21,0,0
val,mslesseg,p58,22,0,0
val,mslesseg,p58,23,0,0
val,mslesseg,p58,24,1,41
val,mslesseg,p58,25,1,40
val,mslesseg,p58,26,1,52
val,mslesseg,p58,27,1,73
val,mslesseg,p58,28,1,74
val,mslesseg,p58,29,1,92
val,mslesseg,p58,30,1,103
val,mslesseg,p58,31,1,70
val,mslesseg,p58,32,1,80
val,mslesseg,p58,33,1,101
val,mslesseg,p58,34,1,101
val,mslesseg,p58,35,1,40
val,mslesseg,p58,36,1,22
val,mslesseg,p58,37,1,45
val,mslesseg,p58,38,1,63
val,mslesseg,p58,39,1,64
val,mslesseg,p58,40,1,72
val,mslesseg,p58,41,1,58
val,mslesseg,p58,42,1,63
val,mslesseg,p58,43,1,65
val,mslesseg,p58,44,1,43
val,mslesseg,p58,45,1,41
val,mslesseg,p58,46,1,39
val,mslesseg,p58,47,0,0
val,mslesseg,p58,48,0,0
val,mslesseg,p58,49,0,0
val,mslesseg,p58,50,0,0
val,mslesseg,p58,51,0,0
val,mslesseg,p58,52,0,0
val,mslesseg,p58,53,0,0
val,mslesseg,p58,54,0,0
val,mslesseg,p58,55,0,0
val,mslesseg,p58,56,0,0
val,mslesseg,p58,57,0,0
val,mslesseg,p58,58,0,0
val,mslesseg,p58,59,0,0
val,mslesseg,p58,60,0,0
val,mslesseg,p58,61,0,0
val,mslesseg,p58,62,0,0
val,mslesseg,p58,63,1,12
val,mslesseg,p58,64,1,19
val,mslesseg,p58,65,1,32
val,mslesseg,p58,66,1,38
val,mslesseg,p58,67,1,48
val,mslesseg,p58,68,1,37
val,mslesseg,p58,69,1,38
val,mslesseg,p58,70,1,55
val,mslesseg,p58,71,1,61
val,mslesseg,p58,72,1,62
val,mslesseg,p58,73,1,53
val,mslesseg,p58,74,1,52
val,mslesseg,p58,75,1,57
val,mslesseg,p58,76,1,39
val,mslesseg,p58,77,1,13
val,mslesseg,p58,78,1,33
val,mslesseg,p58,79,1,33
val,mslesseg,p58,80,1,51
val,mslesseg,p58,81,1,74
val,mslesseg,p58,82,1,75
val,mslesseg,p58,83,1,139
val,mslesseg,p58,84,1,135
val,mslesseg,p58,85,1,181
val,mslesseg,p58,86,1,210
val,mslesseg,p58,87,1,202
val,mslesseg,p58,88,1,194
val,mslesseg,p58,89,1,190
val,mslesseg,p58,90,1,185
val,mslesseg,p58,91,1,194
val,mslesseg,p58,92,1,161
val,mslesseg,p58,93,1,141
val,mslesseg,p58,94,1,150
val,mslesseg,p58,95,1,146
val,mslesseg,p58,96,1,120
val,mslesseg,p58,97,1,129
val,mslesseg,p58,98,1,157
val,mslesseg,p58,99,1,152
val,mslesseg,p58,100,1,126
val,mslesseg,p58,101,1,118
val,mslesseg,p58,102,1,102
val,mslesseg,p58,103,1,75
val,mslesseg,p58,104,1,51
val,mslesseg,p58,105,1,21
val,mslesseg,p58,106,1,32
val,mslesseg,p58,107,1,25
val,mslesseg,p58,108,1,34
val,mslesseg,p58,109,1,30
val,mslesseg,p58,110,1,37
val,mslesseg,p58,111,1,45
val,mslesseg,p58,112,1,38
val,mslesseg,p58,113,1,51
val,mslesseg,p58,114,1,61
val,mslesseg,p58,115,1,66
val,mslesseg,p58,116,1,45
val,mslesseg,p58,117,1,41
val,mslesseg,p58,118,1,39
val,mslesseg,p58,119,1,32
val,mslesseg,p58,120,1,34
val,mslesseg,p58,121,1,34
val,mslesseg,p58,122,1,44
val,mslesseg,p58,123,1,49
val,mslesseg,p58,124,1,30
val,mslesseg,p58,125,1,37
val,mslesseg,p58,126,1,27
val,mslesseg,p58,127,1,34
val,mslesseg,p58,128,1,31
val,mslesseg,p58,129,1,26
val,mslesseg,p58,130,1,25
val,mslesseg,p58,131,1,22
val,mslesseg,p58,132,1,29
val,mslesseg,p58,133,1,31
val,mslesseg,p58,134,1,24
val,mslesseg,p58,135,1,19
val,mslesseg,p58,136,1,14
val,mslesseg,p58,137,0,0
val,mslesseg,p58,138,0,0
val,mslesseg,p58,139,0,0
val,mslesseg,p58,140,0,0
val,mslesseg,p58,141,0,0
val,mslesseg,p58,142,0,0
val,mslesseg,p58,143,0,0
val,mslesseg,p58,144,0,0
val,mslesseg,p58,145,0,0
val,mslesseg,p58,146,0,0
val,mslesseg,p58,147,0,0
val,mslesseg,p58,148,0,0
val,mslesseg,p58,149,0,0
val,mslesseg,p58,150,0,0
val,mslesseg,p58,151,0,0
val,mslesseg,p58,152,0,0
val,mslesseg,p58,153,0,0
val,mslesseg,p58,154,0,0
val,mslesseg,p58,155,0,0
val,mslesseg,p58,156,0,0
val,mslesseg,p58,157,0,0
val,mslesseg,p58,158,0,0
val,mslesseg,p58,159,0,0
val,mslesseg,p58,160,0,0
val,mslesseg,p58,161,0,0
val,mslesseg,p58,162,0,0
val,mslesseg,p58,163,0,0
val,mslesseg,p58,164,0,0
val,mslesseg,p58,165,0,0
val,mslesseg,p58,166,0,0
val,mslesseg,p58,167,0,0
val,mslesseg,p58,168,0,0
val,mslesseg,p58,169,0,0
val,mslesseg,p58,170,0,0
val,mslesseg,p58,171,0,0
val,mslesseg,p58,172,0,0
val,mslesseg,p58,173,0,0
val,mslesseg,p58,174,0,0
val,mslesseg,p58,175,0,0
val,mslesseg,p58,176,0,0
val,mslesseg,p58,177,0,0
val,mslesseg,p58,178,0,0
val,mslesseg,p58,179,0,0
val,mslesseg,p58,180,0,0
val,mslesseg,p58,181,0,0
val,mslesseg,p59,0,0,0
val,mslesseg,p59,1,0,0
val,mslesseg,p59,2,0,0
val,mslesseg,p59,3,0,0
val,mslesseg,p59,4,0,0
val,mslesseg,p59,5,0,0
val,mslesseg,p59,6,0,0
val,mslesseg,p59,7,0,0
val,mslesseg,p59,8,0,0
val,mslesseg,p59,9,0,0
val,mslesseg,p59,10,0,0
val,mslesseg,p59,11,0,0
val,mslesseg,p59,12,0,0
val,mslesseg,p59,13,0,0
val,mslesseg,p59,14,0,0
val,mslesseg,p59,15,0,0
val,mslesseg,p59,16,0,0
val,mslesseg,p59,17,0,0
val,mslesseg,p59,18,0,0
val,mslesseg,p59,19,0,0
val,mslesseg,p59,20,0,0
val,mslesseg,p59,21,0,0
val,mslesseg,p59,22,0,0
val,mslesseg,p59,23,0,0
val,mslesseg,p59,24,0,0
val,mslesseg,p59,25,0,0
val,mslesseg,p59,26,0,0
val,mslesseg,p59,27,0,0
val,mslesseg,p59,28,0,0
val,mslesseg,p59,29,0,0
val,mslesseg,p59,30,0,0
val,mslesseg,p59,31,0,0
val,mslesseg,p59,32,0,0
val,mslesseg,p59,33,0,0
val,mslesseg,p59,34,0,0
val,mslesseg,p59,35,0,0
val,mslesseg,p59,36,0,0
val,mslesseg,p59,37,1,8
val,mslesseg,p59,38,1,20
val,mslesseg,p59,39,1,31
val,mslesseg,p59,40,1,39
val,mslesseg,p59,41,1,41
val,mslesseg,p59,42,1,43
val,mslesseg,p59,43,1,38
val,mslesseg,p59,44,1,41
val,mslesseg,p59,45,1,42
val,mslesseg,p59,46,0,0
val,mslesseg,p59,47,0,0
val,mslesseg,p59,48,0,0
val,mslesseg,p59,49,0,0
val,mslesseg,p59,50,0,0
val,mslesseg,p59,51,0,0
val,mslesseg,p59,52,0,0
val,mslesseg,p59,53,0,0
val,mslesseg,p59,54,0,0
val,mslesseg,p59,55,0,0
val,mslesseg,p59,56,0,0
val,mslesseg,p59,57,0,0
val,mslesseg,p59,58,0,0
val,mslesseg,p59,59,0,0
val,mslesseg,p59,60,0,0
val,mslesseg,p59,61,0,0
val,mslesseg,p59,62,0,0
val,mslesseg,p59,63,0,0
val,mslesseg,p59,64,1,9
val,mslesseg,p59,65,1,23
val,mslesseg,p59,66,1,19
val,mslesseg,p59,67,1,15
val,mslesseg,p59,68,1,15
val,mslesseg,p59,69,1,8
val,mslesseg,p59,70,1,14
val,mslesseg,p59,71,0,0
val,mslesseg,p59,72,0,0
val,mslesseg,p59,73,0,0
val,mslesseg,p59,74,0,0
val,mslesseg,p59,75,1,11
val,mslesseg,p59,76,1,19
val,mslesseg,p59,77,1,72
val,mslesseg,p59,78,1,81
val,mslesseg,p59,79,1,82
val,mslesseg,p59,80,1,86
val,mslesseg,p59,81,1,86
val,mslesseg,p59,82,1,74
val,mslesseg,p59,83,1,56
val,mslesseg,p59,84,1,37
val,mslesseg,p59,85,1,5
val,mslesseg,p59,86,1,12
val,mslesseg,p59,87,1,60
val,mslesseg,p59,88,1,59
val,mslesseg,p59,89,1,63
val,mslesseg,p59,90,1,68
val,mslesseg,p59,91,1,70
val,mslesseg,p59,92,1,73
val,mslesseg,p59,93,1,65
val,mslesseg,p59,94,1,57
val,mslesseg,p59,95,1,39
val,mslesseg,p59,96,1,15
val,mslesseg,p59,97,1,11
val,mslesseg,p59,98,1,16
val,mslesseg,p59,99,1,7
val,mslesseg,p59,100,1,19
val,mslesseg,p59,101,1,38
val,mslesseg,p59,102,1,50
val,mslesseg,p59,103,1,61
val,mslesseg,p59,104,1,53
val,mslesseg,p59,105,1,40
val,mslesseg,p59,106,1,50
val,mslesseg,p59,107,1,47
val,mslesseg,p59,108,1,40
val,mslesseg,p59,109,1,42
val,mslesseg,p59,110,1,25
val,mslesseg,p59,111,1,101
val,mslesseg,p59,112,1,86
val,mslesseg,p59,113,1,66
val,mslesseg,p59,114,1,55
val,mslesseg,p59,115,0,0
val,mslesseg,p59,116,0,0
val,mslesseg,p59,117,0,0
val,mslesseg,p59,118,0,0
val,mslesseg,p59,119,0,0
val,mslesseg,p59,120,0,0
val,mslesseg,p59,121,0,0
val,mslesseg,p59,122,0,0
val,mslesseg,p59,123,0,0
val,mslesseg,p59,124,0,0
val,mslesseg,p59,125,0,0
val,mslesseg,p59,126,0,0
val,mslesseg,p59,127,0,0
val,mslesseg,p59,128,0,0
val,mslesseg,p59,129,0,0
val,mslesseg,p59,130,0,0
val,mslesseg,p59,131,0,0
val,mslesseg,p59,132,0,0
val,mslesseg,p59,133,0,0
val,mslesseg,p59,134,0,0
val,mslesseg,p59,135,0,0
val,mslesseg,p59,136,0,0
val,mslesseg,p59,137,0,0
val,mslesseg,p59,138,0,0
val,mslesseg,p59,139,0,0
val,mslesseg,p59,140,0,0
val,mslesseg,p59,141,0,0
val,mslesseg,p59,142,0,0
val,mslesseg,p59,143,0,0
val,mslesseg,p59,144,0,0
val,mslesseg,p59,145,0,0
val,mslesseg,p59,146,0,0
val,mslesseg,p59,147,0,0
val,mslesseg,p59,148,0,0
val,mslesseg,p59,149,0,0
val,mslesseg,p59,150,0,0
val,mslesseg,p59,151,0,0
val,mslesseg,p59,152,0,0
val,mslesseg,p59,153,0,0
val,mslesseg,p59,154,0,0
val,mslesseg,p59,155,0,0
val,mslesseg,p59,156,0,0
val,mslesseg,p59,157,0,0
val,mslesseg,p59,158,0,0
val,mslesseg,p59,159,0,0
val,mslesseg,p59,160,0,0
val,mslesseg,p59,161,0,0
val,mslesseg,p59,162,0,0
val,mslesseg,p59,163,0,0
val,mslesseg,p59,164,0,0
val,mslesseg,p59,165,0,0
val,mslesseg,p59,166,0,0
val,mslesseg,p59,167,0,0
val,mslesseg,p59,168,0,0
val,mslesseg,p59,169,0,0
val,mslesseg,p59,170,0,0
val,mslesseg,p59,171,0,0
val,mslesseg,p59,172,0,0
val,mslesseg,p59,173,0,0
val,mslesseg,p59,174,0,0
val,mslesseg,p59,175,0,0
val,mslesseg,p59,176,0,0
val,mslesseg,p59,177,0,0
val,mslesseg,p59,178,0,0
val,mslesseg,p59,179,0,0
val,mslesseg,p59,180,0,0
val,mslesseg,p59,181,0,0
val,mslesseg,p60,0,0,0
val,mslesseg,p60,1,0,0
val,mslesseg,p60,2,0,0
val,mslesseg,p60,3,0,0
val,mslesseg,p60,4,0,0
val,mslesseg,p60,5,0,0
val,mslesseg,p60,6,0,0
val,mslesseg,p60,7,0,0
val,mslesseg,p60,8,0,0
val,mslesseg,p60,9,0,0
val,mslesseg,p60,10,0,0
val,mslesseg,p60,11,0,0
val,mslesseg,p60,12,0,0
val,mslesseg,p60,13,0,0
val,mslesseg,p60,14,0,0
val,mslesseg,p60,15,0,0
val,mslesseg,p60,16,0,0
val,mslesseg,p60,17,0,0
val,mslesseg,p60,18,0,0
val,mslesseg,p60,19,0,0
val,mslesseg,p60,20,0,0
val,mslesseg,p60,21,0,0
val,mslesseg,p60,22,0,0
val,mslesseg,p60,23,0,0
val,mslesseg,p60,24,0,0
val,mslesseg,p60,25,0,0
val,mslesseg,p60,26,0,0
val,mslesseg,p60,27,0,0
val,mslesseg,p60,28,0,0
val,mslesseg,p60,29,0,0
val,mslesseg,p60,30,0,0
val,mslesseg,p60,31,1,15
val,mslesseg,p60,32,1,29
val,mslesseg,p60,33,1,32
val,mslesseg,p60,34,1,37
val,mslesseg,p60,35,1,44
val,mslesseg,p60,36,1,81
val,mslesseg,p60,37,1,106
val,mslesseg,p60,38,1,99
val,mslesseg,p60,39,1,110
val,mslesseg,p60,40,1,104
val,mslesseg,p60,41,1,75
val,mslesseg,p60,42,1,1
val,mslesseg,p60,43,1,7
val,mslesseg,p60,44,1,15
val,mslesseg,p60,45,1,29
val,mslesseg,p60,46,1,41
val,mslesseg,p60,47,1,49
val,mslesseg,p60,48,1,51
val,mslesseg,p60,49,1,57
val,mslesseg,p60,50,1,58
val,mslesseg,p60,51,1,52
val,mslesseg,p60,52,1,44
val,mslesseg,p60,53,1,32
val,mslesseg,p60,54,1,15
val,mslesseg,p60,55,1,5
val,mslesseg,p60,56,1,4
val,mslesseg,p60,57,0,0
val,mslesseg,p60,58,0,0
val,mslesseg,p60,59,1,3
val,mslesseg,p60,60,1,7
val,mslesseg,p60,61,1,14
val,mslesseg,p60,62,1,22
val,mslesseg,p60,63,1,31
val,mslesseg,p60,64,1,44
val,mslesseg,p60,65,1,57
val,mslesseg,p60,66,1,62
val,mslesseg,p60,67,1,75
val,mslesseg,p60,68,1,89
val,mslesseg,p60,69,1,96
val,mslesseg,p60,70,1,115
val,mslesseg,p60,71,1,120
val,mslesseg,p60,72,1,129
val,mslesseg,p60,73,1,142
val,mslesseg,p60,74,1,138
val,mslesseg,p60,75,1,140
val,mslesseg,p60,76,1,151
val,mslesseg,p60,77,1,139
val,mslesseg,p60,78,1,117
val,mslesseg,p60,79,1,94
val,mslesseg,p60,80,1,92
val,mslesseg,p60,81,1,104
val,mslesseg,p60,82,1,114
val,mslesseg,p60,83,1,106
val,mslesseg,p60,84,1,104
val,mslesseg,p60,85,1,110
val,mslesseg,p60,86,1,103
val,mslesseg,p60,87,1,101
val,mslesseg,p60,88,1,105
val,mslesseg,p60,89,1,98
val,mslesseg,p60,90,1,96
val,mslesseg,p60,91,1,97
val,mslesseg,p60,92,1,88
val,mslesseg,p60,93,1,94
val,mslesseg,p60,94,1,70
val,mslesseg,p60,95,1,62
val,mslesseg,p60,96,1,64
val,mslesseg,p60,97,1,82
val,mslesseg,p60,98,1,84
val,mslesseg,p60,99,1,96
val,mslesseg,p60,100,1,90
val,mslesseg,p60,101,1,79
val,mslesseg,p60,102,1,71
val,mslesseg,p60,103,1,75
val,mslesseg,p60,104,1,95
val,mslesseg,p60,105,1,109
val,mslesseg,p60,106,1,135
val,mslesseg,p60,107,1,127
val,mslesseg,p60,108,1,110
val,mslesseg,p60,109,1,74
val,mslesseg,p60,110,1,47
val,mslesseg,p60,111,1,46
val,mslesseg,p60,112,1,48
val,mslesseg,p60,113,1,31
val,mslesseg,p60,114,1,48
val,mslesseg,p60,115,1,38
val,mslesseg,p60,116,1,47
val,mslesseg,p60,117,1,22
val,mslesseg,p60,118,1,29
val,mslesseg,p60,119,1,33
val,mslesseg,p60,120,1,30
val,mslesseg,p60,121,1,29
val,mslesseg,p60,122,1,24
val,mslesseg,p60,123,1,23
val,mslesseg,p60,124,1,18
val,mslesseg,p60,125,1,7
val,mslesseg,p60,126,1,14
val,mslesseg,p60,127,1,16
val,mslesseg,p60,128,1,15
val,mslesseg,p60,129,1,11
val,mslesseg,p60,130,1,10
val,mslesseg,p60,131,1,9
val,mslesseg,p60,132,1,8
val,mslesseg,p60,133,1,15
val,mslesseg,p60,134,1,15
val,mslesseg,p60,135,1,46
val,mslesseg,p60,136,1,36
val,mslesseg,p60,137,1,22
val,mslesseg,p60,138,1,24
val,mslesseg,p60,139,1,18
val,mslesseg,p60,140,1,18
val,mslesseg,p60,141,1,18
val,mslesseg,p60,142,1,17
val,mslesseg,p60,143,1,5
val,mslesseg,p60,144,0,0
val,mslesseg,p60,145,0,0
val,mslesseg,p60,146,0,0
val,mslesseg,p60,147,0,0
val,mslesseg,p60,148,0,0
val,mslesseg,p60,149,0,0
val,mslesseg,p60,150,0,0
val,mslesseg,p60,151,0,0
val,mslesseg,p60,152,0,0
val,mslesseg,p60,153,0,0
val,mslesseg,p60,154,0,0
val,mslesseg,p60,155,0,0
val,mslesseg,p60,156,0,0
val,mslesseg,p60,157,0,0
val,mslesseg,p60,158,0,0
val,mslesseg,p60,159,0,0
val,mslesseg,p60,160,0,0
val,mslesseg,p60,161,0,0
val,mslesseg,p60,162,0,0
val,mslesseg,p60,163,0,0
val,mslesseg,p60,164,0,0
val,mslesseg,p60,165,0,0
val,mslesseg,p60,166,0,0
val,mslesseg,p60,167,0,0
val,mslesseg,p60,168,0,0
val,mslesseg,p60,169,0,0
val,mslesseg,p60,170,0,0
val,mslesseg,p60,171,0,0
val,mslesseg,p60,172,0,0
val,mslesseg,p60,173,0,0
val,mslesseg,p60,174,0,0
val,mslesseg,p60,175,0,0
val,mslesseg,p60,176,0,0
val,mslesseg,p60,177,0,0
val,mslesseg,p60,178,0,0
val,mslesseg,p60,179,0,0
val,mslesseg,p60,180,0,0
val,mslesseg,p60,181,0,0
val,mslesseg,p61,0,0,0
val,mslesseg,p61,1,0,0
val,mslesseg,p61,2,0,0
val,mslesseg,p61,3,0,0
val,mslesseg,p61,4,0,0
val,mslesseg,p61,5,0,0
val,mslesseg,p61,6,0,0
val,mslesseg,p61,7,0,0
val,mslesseg,p61,8,0,0
val,mslesseg,p61,9,0,0
val,mslesseg,p61,10,0,0
val,mslesseg,p61,11,0,0
val,mslesseg,p61,12,0,0
val,mslesseg,p61,13,0,0
val,mslesseg,p61,14,0,0
val,mslesseg,p61,15,0,0
val,mslesseg,p61,16,0,0
val,mslesseg,p61,17,0,0
val,mslesseg,p61,18,0,0
val,mslesseg,p61,19,0,0
val,mslesseg,p61,20,0,0
val,mslesseg,p61,21,0,0
val,mslesseg,p61,22,0,0
val,mslesseg,p61,23,0,0
val,mslesseg,p61,24,0,0
val,mslesseg,p61,25,0,0
val,mslesseg,p61,26,0,0
val,mslesseg,p61,27,0,0
val,mslesseg,p61,28,0,0
val,mslesseg,p61,29,0,0
val,mslesseg,p61,30,0,0
val,mslesseg,p61,31,0,0
val,mslesseg,p61,32,0,0
val,mslesseg,p61,33,0,0
val,mslesseg,p61,34,0,0
val,mslesseg,p61,35,0,0
val,mslesseg,p61,36,0,0
val,mslesseg,p61,37,0,0
val,mslesseg,p61,38,0,0
val,mslesseg,p61,39,0,0
val,mslesseg,p61,40,0,0
val,mslesseg,p61,41,0,0
val,mslesseg,p61,42,0,0
val,mslesseg,p61,43,1,9
val,mslesseg,p61,44,1,9
val,mslesseg,p61,45,1,18
val,mslesseg,p61,46,1,26
val,mslesseg,p61,47,1,28
val,mslesseg,p61,48,1,24
val,mslesseg,p61,49,1,19
val,mslesseg,p61,50,1,13
val,mslesseg,p61,51,1,19
val,mslesseg,p61,52,1,10
val,mslesseg,p61,53,0,0
val,mslesseg,p61,54,1,8
val,mslesseg,p61,55,1,13
val,mslesseg,p61,56,1,63
val,mslesseg,p61,57,1,48
val,mslesseg,p61,58,1,24
val,mslesseg,p61,59,1,24
val,mslesseg,p61,60,1,22
val,mslesseg,p61,61,1,13
val,mslesseg,p61,62,1,4
val,mslesseg,p61,63,0,0
val,mslesseg,p61,64,0,0
val,mslesseg,p61,65,1,21
val,mslesseg,p61,66,1,33
val,mslesseg,p61,67,1,40
val,mslesseg,p61,68,1,44
val,mslesseg,p61,69,1,46
val,mslesseg,p61,70,1,46
val,mslesseg,p61,71,1,23
val,mslesseg,p61,72,1,46
val,mslesseg,p61,73,1,31
val,mslesseg,p61,74,1,28
val,mslesseg,p61,75,1,32
val,mslesseg,p61,76,1,31
val,mslesseg,p61,77,1,44
val,mslesseg,p61,78,1,60
val,mslesseg,p61,79,1,75
val,mslesseg,p61,80,1,85
val,mslesseg,p61,81,1,202
val,mslesseg,p61,82,1,198
val,mslesseg,p61,83,1,118
val,mslesseg,p61,84,1,191
val,mslesseg,p61,85,1,113
val,mslesseg,p61,86,1,125
val,mslesseg,p61,87,1,172
val,mslesseg,p61,88,1,162
val,mslesseg,p61,89,1,142
val,mslesseg,p61,90,1,271
val,mslesseg,p61,91,1,238
val,mslesseg,p61,92,1,300
val,mslesseg,p61,93,1,186
val,mslesseg,p61,94,1,216
val,mslesseg,p61,95,1,157
val,mslesseg,p61,96,1,137
val,mslesseg,p61,97,1,152
val,mslesseg,p61,98,1,131
val,mslesseg,p61,99,1,61
val,mslesseg,p61,100,1,39
val,mslesseg,p61,101,1,27
val,mslesseg,p61,102,1,32
val,mslesseg,p61,103,1,36
val,mslesseg,p61,104,1,30
val,mslesseg,p61,105,1,28
val,mslesseg,p61,106,1,10
val,mslesseg,p61,107,0,0
val,mslesseg,p61,108,0,0
val,mslesseg,p61,109,0,0
val,mslesseg,p61,110,0,0
val,mslesseg,p61,111,0,0
val,mslesseg,p61,112,0,0
val,mslesseg,p61,113,0,0
val,mslesseg,p61,114,0,0
val,mslesseg,p61,115,0,0
val,mslesseg,p61,116,0,0
val,mslesseg,p61,117,0,0
val,mslesseg,p61,118,0,0
val,mslesseg,p61,119,0,0
val,mslesseg,p61,120,0,0
val,mslesseg,p61,121,0,0
val,mslesseg,p61,122,0,0
val,mslesseg,p61,123,0,0
val,mslesseg,p61,124,0,0
val,mslesseg,p61,125,0,0
val,mslesseg,p61,126,0,0
val,mslesseg,p61,127,1,6
val,mslesseg,p61,128,1,14
val,mslesseg,p61,129,1,23
val,mslesseg,p61,130,1,28
val,mslesseg,p61,131,1,29
val,mslesseg,p61,132,1,23
val,mslesseg,p61,133,1,17
val,mslesseg,p61,134,1,13
val,mslesseg,p61,135,1,6
val,mslesseg,p61,136,1,14
val,mslesseg,p61,137,1,12
val,mslesseg,p61,138,0,0
val,mslesseg,p61,139,0,0
val,mslesseg,p61,140,0,0
val,mslesseg,p61,141,0,0
val,mslesseg,p61,142,0,0
val,mslesseg,p61,143,0,0
val,mslesseg,p61,144,0,0
val,mslesseg,p61,145,0,0
val,mslesseg,p61,146,0,0
val,mslesseg,p61,147,0,0
val,mslesseg,p61,148,0,0
val,mslesseg,p61,149,0,0
val,mslesseg,p61,150,0,0
val,mslesseg,p61,151,0,0
val,mslesseg,p61,152,0,0
val,mslesseg,p61,153,0,0
val,mslesseg,p61,154,0,0
val,mslesseg,p61,155,0,0
val,mslesseg,p61,156,0,0
val,mslesseg,p61,157,0,0
val,mslesseg,p61,158,0,0
val,mslesseg,p61,159,0,0
val,mslesseg,p61,160,0,0
val,mslesseg,p61,161,0,0
val,mslesseg,p61,162,0,0
val,mslesseg,p61,163,0,0
val,mslesseg,p61,164,0,0
val,mslesseg,p61,165,0,0
val,mslesseg,p61,166,0,0
val,mslesseg,p61,167,0,0
val,mslesseg,p61,168,0,0
val,mslesseg,p61,169,0,0
val,mslesseg,p61,170,0,0
val,mslesseg,p61,171,0,0
val,mslesseg,p61,172,0,0
val,mslesseg,p61,173,0,0
val,mslesseg,p61,174,0,0
val,mslesseg,p61,175,0,0
val,mslesseg,p61,176,0,0
val,mslesseg,p61,177,0,0
val,mslesseg,p61,178,0,0
val,mslesseg,p61,179,0,0
val,mslesseg,p61,180,0,0
val,mslesseg,p61,181,0,0
val,mslesseg,p62,0,0,0
val,mslesseg,p62,1,0,0
val,mslesseg,p62,2,0,0
val,mslesseg,p62,3,0,0
val,mslesseg,p62,4,0,0
val,mslesseg,p62,5,0,0
val,mslesseg,p62,6,0,0
val,mslesseg,p62,7,0,0
val,mslesseg,p62,8,0,0
val,mslesseg,p62,9,0,0
val,mslesseg,p62,10,0,0
val,mslesseg,p62,11,0,0
val,mslesseg,p62,12,0,0
val,mslesseg,p62,13,0,0
val,mslesseg,p62,14,0,0
val,mslesseg,p62,15,0,0
val,mslesseg,p62,16,0,0
val,mslesseg,p62,17,0,0
val,mslesseg,p62,18,0,0
val,mslesseg,p62,19,0,0
val,mslesseg,p62,20,0,0
val,mslesseg,p62,21,0,0
val,mslesseg,p62,22,1,17
val,mslesseg,p62,23,1,28
val,mslesseg,p62,24,1,10
val,mslesseg,p62,25,0,0
val,mslesseg,p62,26,0,0
val,mslesseg,p62,27,1,11
val,mslesseg,p62,28,1,13
val,mslesseg,p62,29,1,8
val,mslesseg,p62,30,1,7
val,mslesseg,p62,31,0,0
val,mslesseg,p62,32,0,0
val,mslesseg,p62,33,1,10
val,mslesseg,p62,34,1,6
val,mslesseg,p62,35,1,10
val,mslesseg,p62,36,0,0
val,mslesseg,p62,37,0,0
val,mslesseg,p62,38,1,7
val,mslesseg,p62,39,1,17
val,mslesseg,p62,40,1,23
val,mslesseg,p62,41,1,18
val,mslesseg,p62,42,1,30
val,mslesseg,p62,43,1,72
val,mslesseg,p62,44,1,70
val,mslesseg,p62,45,1,72
val,mslesseg,p62,46,1,62
val,mslesseg,p62,47,1,43
val,mslesseg,p62,48,1,42
val,mslesseg,p62,49,1,34
val,mslesseg,p62,50,1,16
val,mslesseg,p62,51,1,12
val,mslesseg,p62,52,1,14
val,mslesseg,p62,53,1,12
val,mslesseg,p62,54,1,15
val,mslesseg,p62,55,1,12
val,mslesseg,p62,56,1,11
val,mslesseg,p62,57,1,16
val,mslesseg,p62,58,1,17
val,mslesseg,p62,59,1,19
val,mslesseg,p62,60,1,46
val,mslesseg,p62,61,1,22
val,mslesseg,p62,62,1,57
val,mslesseg,p62,63,1,56
val,mslesseg,p62,64,1,48
val,mslesseg,p62,65,1,28
val,mslesseg,p62,66,1,23
val,mslesseg,p62,67,1,38
val,mslesseg,p62,68,1,55
val,mslesseg,p62,69,1,64
val,mslesseg,p62,70,1,53
val,mslesseg,p62,71,1,70
val,mslesseg,p62,72,1,58
val,mslesseg,p62,73,1,68
val,mslesseg,p62,74,1,50
val,mslesseg,p62,75,1,30
val,mslesseg,p62,76,1,25
val,mslesseg,p62,77,1,17
val,mslesseg,p62,78,1,7
val,mslesseg,p62,79,1,10
val,mslesseg,p62,80,1,15
val,mslesseg,p62,81,1,21
val,mslesseg,p62,82,1,10
val,mslesseg,p62,83,1,21
val,mslesseg,p62,84,1,29
val,mslesseg,p62,85,1,41
val,mslesseg,p62,86,1,59
val,mslesseg,p62,87,1,65
val,mslesseg,p62,88,1,95
val,mslesseg,p62,89,1,73
val,mslesseg,p62,90,1,63
val,mslesseg,p62,91,1,106
val,mslesseg,p62,92,1,120
val,mslesseg,p62,93,1,136
val,mslesseg,p62,94,1,152
val,mslesseg,p62,95,1,176
val,mslesseg,p62,96,1,183
val,mslesseg,p62,97,1,154
val,mslesseg,p62,98,1,122
val,mslesseg,p62,99,1,117
val,mslesseg,p62,100,1,80
val,mslesseg,p62,101,1,95
val,mslesseg,p62,102,1,103
val,mslesseg,p62,103,1,130
val,mslesseg,p62,104,1,84
val,mslesseg,p62,105,1,67
val,mslesseg,p62,106,1,42
val,mslesseg,p62,107,1,56
val,mslesseg,p62,108,1,41
val,mslesseg,p62,109,1,31
val,mslesseg,p62,110,1,28
val,mslesseg,p62,111,1,12
val,mslesseg,p62,112,1,11
val,mslesseg,p62,113,1,11
val,mslesseg,p62,114,1,11
val,mslesseg,p62,115,0,0
val,mslesseg,p62,116,0,0
val,mslesseg,p62,117,0,0
val,mslesseg,p62,118,1,12
val,mslesseg,p62,119,1,14
val,mslesseg,p62,120,1,9
val,mslesseg,p62,121,1,8
val,mslesseg,p62,122,0,0
val,mslesseg,p62,123,0,0
val,mslesseg,p62,124,0,0
val,mslesseg,p62,125,0,0
val,mslesseg,p62,126,0,0
val,mslesseg,p62,127,0,0
val,mslesseg,p62,128,0,0
val,mslesseg,p62,129,0,0
val,mslesseg,p62,130,0,0
val,mslesseg,p62,131,0,0
val,mslesseg,p62,132,0,0
val,mslesseg,p62,133,0,0
val,mslesseg,p62,134,0,0
val,mslesseg,p62,135,0,0
val,mslesseg,p62,136,0,0
val,mslesseg,p62,137,0,0
val,mslesseg,p62,138,0,0
val,mslesseg,p62,139,0,0
val,mslesseg,p62,140,0,0
val,mslesseg,p62,141,0,0
val,mslesseg,p62,142,0,0
val,mslesseg,p62,143,0,0
val,mslesseg,p62,144,0,0
val,mslesseg,p62,145,0,0
val,mslesseg,p62,146,0,0
val,mslesseg,p62,147,0,0
val,mslesseg,p62,148,0,0
val,mslesseg,p62,149,0,0
val,mslesseg,p62,150,0,0
val,mslesseg,p62,151,0,0
val,mslesseg,p62,152,0,0
val,mslesseg,p62,153,0,0
val,mslesseg,p62,154,0,0
val,mslesseg,p62,155,0,0
val,mslesseg,p62,156,0,0
val,mslesseg,p62,157,0,0
val,mslesseg,p62,158,0,0
val,mslesseg,p62,159,0,0
val,mslesseg,p62,160,0,0
val,mslesseg,p62,161,0,0
val,mslesseg,p62,162,0,0
val,mslesseg,p62,163,0,0
val,mslesseg,p62,164,0,0
val,mslesseg,p62,165,0,0
val,mslesseg,p62,166,0,0
val,mslesseg,p62,167,0,0
val,mslesseg,p62,168,0,0
val,mslesseg,p62,169,0,0
val,mslesseg,p62,170,0,0
val,mslesseg,p62,171,0,0
val,mslesseg,p62,172,0,0
val,mslesseg,p62,173,0,0
val,mslesseg,p62,174,0,0
val,mslesseg,p62,175,0,0
val,mslesseg,p62,176,0,0
val,mslesseg,p62,177,0,0
val,mslesseg,p62,178,0,0
val,mslesseg,p62,179,0,0
val,mslesseg,p62,180,0,0
val,mslesseg,p62,181,0,0
val,mslesseg,p63,0,0,0
val,mslesseg,p63,1,0,0
val,mslesseg,p63,2,0,0
val,mslesseg,p63,3,0,0
val,mslesseg,p63,4,0,0
val,mslesseg,p63,5,0,0
val,mslesseg,p63,6,0,0
val,mslesseg,p63,7,0,0
val,mslesseg,p63,8,0,0
val,mslesseg,p63,9,0,0
val,mslesseg,p63,10,0,0
val,mslesseg,p63,11,0,0
val,mslesseg,p63,12,0,0
val,mslesseg,p63,13,0,0
val,mslesseg,p63,14,0,0
val,mslesseg,p63,15,0,0
val,mslesseg,p63,16,0,0
val,mslesseg,p63,17,0,0
val,mslesseg,p63,18,0,0
val,mslesseg,p63,19,0,0
val,mslesseg,p63,20,0,0
val,mslesseg,p63,21,0,0
val,mslesseg,p63,22,0,0
val,mslesseg,p63,23,0,0
val,mslesseg,p63,24,0,0
val,mslesseg,p63,25,0,0
val,mslesseg,p63,26,0,0
val,mslesseg,p63,27,0,0
val,mslesseg,p63,28,0,0
val,mslesseg,p63,29,0,0
val,mslesseg,p63,30,0,0
val,mslesseg,p63,31,0,0
val,mslesseg,p63,32,0,0
val,mslesseg,p63,33,0,0
val,mslesseg,p63,34,0,0
val,mslesseg,p63,35,0,0
val,mslesseg,p63,36,0,0
val,mslesseg,p63,37,0,0
val,mslesseg,p63,38,0,0
val,mslesseg,p63,39,0,0
val,mslesseg,p63,40,0,0
val,mslesseg,p63,41,0,0
val,mslesseg,p63,42,0,0
val,mslesseg,p63,43,0,0
val,mslesseg,p63,44,0,0
val,mslesseg,p63,45,0,0
val,mslesseg,p63,46,0,0
val,mslesseg,p63,47,0,0
val,mslesseg,p63,48,0,0
val,mslesseg,p63,49,0,0
val,mslesseg,p63,50,0,0
val,mslesseg,p63,51,0,0
val,mslesseg,p63,52,0,0
val,mslesseg,p63,53,0,0
val,mslesseg,p63,54,0,0
val,mslesseg,p63,55,0,0
val,mslesseg,p63,56,0,0
val,mslesseg,p63,57,0,0
val,mslesseg,p63,58,0,0
val,mslesseg,p63,59,0,0
val,mslesseg,p63,60,0,0
val,mslesseg,p63,61,0,0
val,mslesseg,p63,62,0,0
val,mslesseg,p63,63,1,17
val,mslesseg,p63,64,1,18
val,mslesseg,p63,65,1,52
val,mslesseg,p63,66,1,69
val,mslesseg,p63,67,1,69
val,mslesseg,p63,68,1,112
val,mslesseg,p63,69,1,108
val,mslesseg,p63,70,1,88
val,mslesseg,p63,71,1,40
val,mslesseg,p63,72,1,52
val,mslesseg,p63,73,1,39
val,mslesseg,p63,74,1,38
val,mslesseg,p63,75,1,1
val,mslesseg,p63,76,1,4
val,mslesseg,p63,77,1,6
val,mslesseg,p63,78,1,26
val,mslesseg,p63,79,1,51
val,mslesseg,p63,80,1,44
val,mslesseg,p63,81,1,63
val,mslesseg,p63,82,1,59
val,mslesseg,p63,83,1,62
val,mslesseg,p63,84,1,18
val,mslesseg,p63,85,1,15
val,mslesseg,p63,86,1,13
val,mslesseg,p63,87,1,13
val,mslesseg,p63,88,1,9
val,mslesseg,p63,89,1,10
val,mslesseg,p63,90,1,20
val,mslesseg,p63,91,1,32
val,mslesseg,p63,92,1,38
val,mslesseg,p63,93,1,58
val,mslesseg,p63,94,1,80
val,mslesseg,p63,95,1,114
val,mslesseg,p63,96,1,129
val,mslesseg,p63,97,1,110
val,mslesseg,p63,98,1,150
val,mslesseg,p63,99,1,160
val,mslesseg,p63,100,1,78
val,mslesseg,p63,101,1,53
val,mslesseg,p63,102,1,45
val,mslesseg,p63,103,1,52
val,mslesseg,p63,104,1,46
val,mslesseg,p63,105,1,23
val,mslesseg,p63,106,1,29
val,mslesseg,p63,107,1,45
val,mslesseg,p63,108,1,65
val,mslesseg,p63,109,1,100
val,mslesseg,p63,110,1,61
val,mslesseg,p63,111,1,57
val,mslesseg,p63,112,1,34
val,mslesseg,p63,113,1,30
val,mslesseg,p63,114,1,19
val,mslesseg,p63,115,1,6
val,mslesseg,p63,116,1,9
val,mslesseg,p63,117,1,14
val,mslesseg,p63,118,1,22
val,mslesseg,p63,119,1,22
val,mslesseg,p63,120,1,18
val,mslesseg,p63,121,1,18
val,mslesseg,p63,122,1,12
val,mslesseg,p63,123,1,12
val,mslesseg,p63,124,1,11
val,mslesseg,p63,125,1,11
val,mslesseg,p63,126,1,11
val,mslesseg,p63,127,1,4
val,mslesseg,p63,128,1,5
val,mslesseg,p63,129,1,2
val,mslesseg,p63,130,1,7
val,mslesseg,p63,131,0,0
val,mslesseg,p63,132,0,0
val,mslesseg,p63,133,0,0
val,mslesseg,p63,134,0,0
val,mslesseg,p63,135,0,0
val,mslesseg,p63,136,0,0
val,mslesseg,p63,137,0,0
val,mslesseg,p63,138,0,0
val,mslesseg,p63,139,0,0
val,mslesseg,p63,140,0,0
val,mslesseg,p63,141,0,0
val,mslesseg,p63,142,0,0
val,mslesseg,p63,143,0,0
val,mslesseg,p63,144,0,0
val,mslesseg,p63,145,0,0
val,mslesseg,p63,146,0,0
val,mslesseg,p63,147,0,0
val,mslesseg,p63,148,0,0
val,mslesseg,p63,149,0,0
val,mslesseg,p63,150,0,0
val,mslesseg,p63,151,0,0
val,mslesseg,p63,152,0,0
val,mslesseg,p63,153,0,0
val,mslesseg,p63,154,0,0
val,mslesseg,p63,155,0,0
val,mslesseg,p63,156,0,0
val,mslesseg,p63,157,0,0
val,mslesseg,p63,158,0,0
val,mslesseg,p63,159,0,0
val,mslesseg,p63,160,0,0
val,mslesseg,p63,161,0,0
val,mslesseg,p63,162,0,0
val,mslesseg,p63,163,0,0
val,mslesseg,p63,164,0,0
val,mslesseg,p63,165,0,0
val,mslesseg,p63,166,0,0
val,mslesseg,p63,167,0,0
val,mslesseg,p63,168,0,0
val,mslesseg,p63,169,0,0
val,mslesseg,p63,170,0,0
val,mslesseg,p63,171,0,0
val,mslesseg,p63,172,0,0
val,mslesseg,p63,173,0,0
val,mslesseg,p63,174,0,0
val,mslesseg,p63,175,0,0
val,mslesseg,p63,176,0,0
val,mslesseg,p63,177,0,0
val,mslesseg,p63,178,0,0
val,mslesseg,p63,179,0,0
val,mslesseg,p63,180,0,0
val,mslesseg,p63,181,0,0
val,mslesseg,p64,0,0,0
val,mslesseg,p64,1,0,0
val,mslesseg,p64,2,0,0
val,mslesseg,p64,3,0,0
val,mslesseg,p64,4,0,0
val,mslesseg,p64,5,0,0
val,mslesseg,p64,6,0,0
val,mslesseg,p64,7,0,0
val,mslesseg,p64,8,0,0
val,mslesseg,p64,9,0,0
val,mslesseg,p64,10,0,0
val,mslesseg,p64,11,0,0
val,mslesseg,p64,12,1,7
val,mslesseg,p64,13,1,11
val,mslesseg,p64,14,1,11
val,mslesseg,p64,15,1,6
val,mslesseg,p64,16,1,1
val,mslesseg,p64,17,1,5
val,mslesseg,p64,18,1,6
val,mslesseg,p64,19,1,9
val,mslesseg,p64,20,1,5
val,mslesseg,p64,21,1,3
val,mslesseg,p64,22,1,5
val,mslesseg,p64,23,1,2
val,mslesseg,p64,24,0,0
val,mslesseg,p64,25,0,0
val,mslesseg,p64,26,0,0
val,mslesseg,p64,27,0,0
val,mslesseg,p64,28,0,0
val,mslesseg,p64,29,0,0
val,mslesseg,p64,30,0,0
val,mslesseg,p64,31,0,0
val,mslesseg,p64,32,0,0
val,mslesseg,p64,33,1,3
val,mslesseg,p64,34,1,29
val,mslesseg,p64,35,1,39
val,mslesseg,p64,36,1,70
val,mslesseg,p64,37,1,74
val,mslesseg,p64,38,1,77
val,mslesseg,p64,39,1,74
val,mslesseg,p64,40,1,44
val,mslesseg,p64,41,1,37
val,mslesseg,p64,42,1,15
val,mslesseg,p64,43,1,19
val,mslesseg,p64,44,1,10
val,mslesseg,p64,45,1,4
val,mslesseg,p64,46,1,2
val,mslesseg,p64,47,0,0
val,mslesseg,p64,48,1,1
val,mslesseg,p64,49,0,0
val,mslesseg,p64,50,0,0
val,mslesseg,p64,51,0,0
val,mslesseg,p64,52,1,14
val,mslesseg,p64,53,1,22
val,mslesseg,p64,54,1,33
val,mslesseg,p64,55,1,32
val,mslesseg,p64,56,1,10
val,mslesseg,p64,57,1,2
val,mslesseg,p64,58,0,0
val,mslesseg,p64,59,0,0
val,mslesseg,p64,60,0,0
val,mslesseg,p64,61,0,0
val,mslesseg,p64,62,0,0
val,mslesseg,p64,63,0,0
val,mslesseg,p64,64,0,0
val,mslesseg,p64,65,0,0
val,mslesseg,p64,66,0,0
val,mslesseg,p64,67,0,0
val,mslesseg,p64,68,0,0
val,mslesseg,p64,69,1,5
val,mslesseg,p64,70,1,8
val,mslesseg,p64,71,1,3
val,mslesseg,p64,72,1,14
val,mslesseg,p64,73,1,42
val,mslesseg,p64,74,1,48
val,mslesseg,p64,75,1,59
val,mslesseg,p64,76,1,120
val,mslesseg,p64,77,1,112
val,mslesseg,p64,78,1,123
val,mslesseg,p64,79,1,135
val,mslesseg,p64,80,1,111
val,mslesseg,p64,81,1,87
val,mslesseg,p64,82,1,50
val,mslesseg,p64,83,1,70
val,mslesseg,p64,84,1,67
val,mslesseg,p64,85,1,53
val,mslesseg,p64,86,1,34
val,mslesseg,p64,87,1,111
val,mslesseg,p64,88,1,76
val,mslesseg,p64,89,1,68
val,mslesseg,p64,90,1,61
val,mslesseg,p64,91,1,61
val,mslesseg,p64,92,1,76
val,mslesseg,p64,93,1,91
val,mslesseg,p64,94,1,77
val,mslesseg,p64,95,1,81
val,mslesseg,p64,96,1,74
val,mslesseg,p64,97,1,58
val,mslesseg,p64,98,1,100
val,mslesseg,p64,99,1,109
val,mslesseg,p64,100,1,139
val,mslesseg,p64,101,1,166
val,mslesseg,p64,102,1,192
val,mslesseg,p64,103,1,194
val,mslesseg,p64,104,1,234
val,mslesseg,p64,105,1,218
val,mslesseg,p64,106,1,162
val,mslesseg,p64,107,1,131
val,mslesseg,p64,108,1,136
val,mslesseg,p64,109,1,89
val,mslesseg,p64,110,1,65
val,mslesseg,p64,111,1,50
val,mslesseg,p64,112,1,37
val,mslesseg,p64,113,1,25
val,mslesseg,p64,114,1,21
val,mslesseg,p64,115,1,12
val,mslesseg,p64,116,1,11
val,mslesseg,p64,117,1,12
val,mslesseg,p64,118,0,0
val,mslesseg,p64,119,0,0
val,mslesseg,p64,120,0,0
val,mslesseg,p64,121,0,0
val,mslesseg,p64,122,0,0
val,mslesseg,p64,123,0,0
val,mslesseg,p64,124,0,0
val,mslesseg,p64,125,0,0
val,mslesseg,p64,126,0,0
val,mslesseg,p64,127,0,0
val,mslesseg,p64,128,0,0
val,mslesseg,p64,129,0,0
val,mslesseg,p64,130,0,0
val,mslesseg,p64,131,0,0
val,mslesseg,p64,132,0,0
val,mslesseg,p64,133,0,0
val,mslesseg,p64,134,0,0
val,mslesseg,p64,135,0,0
val,mslesseg,p64,136,0,0
val,mslesseg,p64,137,0,0
val,mslesseg,p64,138,0,0
val,mslesseg,p64,139,0,0
val,mslesseg,p64,140,0,0
val,mslesseg,p64,141,0,0
val,mslesseg,p64,142,0,0
val,mslesseg,p64,143,0,0
val,mslesseg,p64,144,0,0
val,mslesseg,p64,145,0,0
val,mslesseg,p64,146,0,0
val,mslesseg,p64,147,0,0
val,mslesseg,p64,148,0,0
val,mslesseg,p64,149,0,0
val,mslesseg,p64,150,0,0
val,mslesseg,p64,151,0,0
val,mslesseg,p64,152,0,0
val,mslesseg,p64,153,0,0
val,mslesseg,p64,154,0,0
val,mslesseg,p64,155,0,0
val,mslesseg,p64,156,0,0
val,mslesseg,p64,157,0,0
val,mslesseg,p64,158,0,0
val,mslesseg,p64,159,0,0
val,mslesseg,p64,160,0,0
val,mslesseg,p64,161,0,0
val,mslesseg,p64,162,0,0
val,mslesseg,p64,163,0,0
val,mslesseg,p64,164,0,0
val,mslesseg,p64,165,0,0
val,mslesseg,p64,166,0,0
val,mslesseg,p64,167,0,0
val,mslesseg,p64,168,0,0
val,mslesseg,p64,169,0,0
val,mslesseg,p64,170,0,0
val,mslesseg,p64,171,0,0
val,mslesseg,p64,172,0,0
val,mslesseg,p64,173,0,0
val,mslesseg,p64,174,0,0
val,mslesseg,p64,175,0,0
val,mslesseg,p64,176,0,0
val,mslesseg,p64,177,0,0
val,mslesseg,p64,178,0,0
val,mslesseg,p64,179,0,0
val,mslesseg,p64,180,0,0
val,mslesseg,p64,181,0,0
